1-Wire/iButton Part Number: DS1921G-F5,,,
1-Wire/iButton Registration Number: 2B000000380EFC21,,,
Is Mission Active?  true,,,
Mission Start:  Mon Aug 21 20:50:00 MDT 2023,,,
Sample Rate:  Every 255 minute(s),,,
Number of Mission Samples:  3595,,,
Total Samples:  10276,,,
Roll Over Enabled?  false,,,
Roll Over Occurred?  Roll over has occurred,,,
Active Alarms:  None fired,,,
Next Clock Alarm At:  Disabled,,,
High Temperature Alarm:  85 °C,,,
Low Temperature Alarm:  -40 °C,,,
,,,
Date/Time,Unit,Value,
8/21/23, 8:50:00 PM,C,26.5
8/22/23, 1:05:00 AM,C,22
8/22/23, 5:20:00 AM,C,21
8/22/23, 9:35:00 AM,C,17
8/22/23, 1:50:00 PM,C,19
8/22/23, 6:05:00 PM,C,17.5
8/22/23, 10:20:00 PM,C,12.5
8/23/23, 2:35:00 AM,C,11
8/23/23, 6:50:00 AM,C,9.5
8/23/23, 11:05:00 AM,C,20
8/23/23, 3:20:00 PM,C,18.5
8/23/23, 7:35:00 PM,C,15
8/23/23, 11:50:00 PM,C,12.5
8/24/23, 4:05:00 AM,C,11.5
8/24/23, 8:20:00 AM,C,13
8/24/23, 12:35:00 PM,C,21
8/24/23, 4:50:00 PM,C,19.5
8/24/23, 9:05:00 PM,C,12
8/25/23, 1:20:00 AM,C,12
8/25/23, 5:35:00 AM,C,11
8/25/23, 9:50:00 AM,C,11.5
8/25/23, 2:05:00 PM,C,13.5
8/25/23, 6:20:00 PM,C,12
8/25/23, 10:35:00 PM,C,10.5
8/26/23, 2:50:00 AM,C,9.5
8/26/23, 7:05:00 AM,C,8.5
8/26/23, 11:20:00 AM,C,16
8/26/23, 3:35:00 PM,C,19.5
8/26/23, 7:50:00 PM,C,15
8/27/23, 12:05:00 AM,C,11.5
8/27/23, 4:20:00 AM,C,10
8/27/23, 8:35:00 AM,C,11
8/27/23, 12:50:00 PM,C,17.5
8/27/23, 5:05:00 PM,C,16.5
8/27/23, 9:20:00 PM,C,11.5
8/28/23, 1:35:00 AM,C,10.5
8/28/23, 5:50:00 AM,C,9
8/28/23, 10:05:00 AM,C,15.5
8/28/23, 2:20:00 PM,C,15.5
8/28/23, 6:35:00 PM,C,13
8/28/23, 10:50:00 PM,C,9.5
8/29/23, 3:05:00 AM,C,7.5
8/29/23, 7:20:00 AM,C,6.5
8/29/23, 11:35:00 AM,C,18
8/29/23, 3:50:00 PM,C,17.5
8/29/23, 8:05:00 PM,C,12
8/30/23, 12:20:00 AM,C,9.5
8/30/23, 4:35:00 AM,C,8
8/30/23, 8:50:00 AM,C,10
8/30/23, 1:05:00 PM,C,21
8/30/23, 5:20:00 PM,C,16.5
8/30/23, 9:35:00 PM,C,12.5
8/31/23, 1:50:00 AM,C,10.5
8/31/23, 6:05:00 AM,C,8.5
8/31/23, 10:20:00 AM,C,15
8/31/23, 2:35:00 PM,C,23
8/31/23, 6:50:00 PM,C,16
8/31/23, 11:05:00 PM,C,12.5
9/1/23, 3:20:00 AM,C,10.5
9/1/23, 7:35:00 AM,C,9.5
9/1/23, 11:50:00 AM,C,21.5
9/1/23, 4:05:00 PM,C,19
9/1/23, 8:20:00 PM,C,14.5
9/2/23, 12:35:00 AM,C,12
9/2/23, 4:50:00 AM,C,10.5
9/2/23, 9:05:00 AM,C,13.5
9/2/23, 1:20:00 PM,C,21.5
9/2/23, 5:35:00 PM,C,19
9/2/23, 9:50:00 PM,C,14
9/3/23, 2:05:00 AM,C,12
9/3/23, 6:20:00 AM,C,10.5
9/3/23, 10:35:00 AM,C,15.5
9/3/23, 2:50:00 PM,C,7
9/3/23, 7:05:00 PM,C,10.5
9/3/23, 11:20:00 PM,C,8.5
9/4/23, 3:35:00 AM,C,7.5
9/4/23, 7:50:00 AM,C,7.5
9/4/23, 12:05:00 PM,C,15
9/4/23, 4:20:00 PM,C,14
9/4/23, 8:35:00 PM,C,9.5
9/5/23, 12:50:00 AM,C,7
9/5/23, 5:05:00 AM,C,5.5
9/5/23, 9:20:00 AM,C,9.5
9/5/23, 1:35:00 PM,C,19.5
9/5/23, 5:50:00 PM,C,14.5
9/5/23, 10:05:00 PM,C,10
9/6/23, 2:20:00 AM,C,7.5
9/6/23, 6:35:00 AM,C,6.5
9/6/23, 10:50:00 AM,C,15
9/6/23, 3:05:00 PM,C,21
9/6/23, 7:20:00 PM,C,12.5
9/6/23, 11:35:00 PM,C,9.5
9/7/23, 3:50:00 AM,C,8
9/7/23, 8:05:00 AM,C,7.5
9/7/23, 12:20:00 PM,C,16.5
9/7/23, 4:35:00 PM,C,15
9/7/23, 8:50:00 PM,C,10.5
9/8/23, 1:05:00 AM,C,8.5
9/8/23, 5:20:00 AM,C,7
9/8/23, 9:35:00 AM,C,12.5
9/8/23, 1:50:00 PM,C,21.5
9/8/23, 6:05:00 PM,C,14.5
9/8/23, 10:20:00 PM,C,10
9/9/23, 2:35:00 AM,C,7.5
9/9/23, 6:50:00 AM,C,6.5
9/9/23, 11:05:00 AM,C,17
9/9/23, 3:20:00 PM,C,20.5
9/9/23, 7:35:00 PM,C,13
9/9/23, 11:50:00 PM,C,10.5
9/10/23, 4:05:00 AM,C,9
9/10/23, 8:20:00 AM,C,9.5
9/10/23, 12:35:00 PM,C,11.5
9/10/23, 4:50:00 PM,C,10.5
9/10/23, 9:05:00 PM,C,8.5
9/11/23, 1:20:00 AM,C,7
9/11/23, 5:35:00 AM,C,6.5
9/11/23, 9:50:00 AM,C,9
9/11/23, 2:05:00 PM,C,9.5
9/11/23, 6:20:00 PM,C,9
9/11/23, 10:35:00 PM,C,7
9/12/23, 2:50:00 AM,C,4.5
9/12/23, 7:05:00 AM,C,3.5
9/12/23, 11:20:00 AM,C,14.5
9/12/23, 3:35:00 PM,C,15
9/12/23, 7:50:00 PM,C,9
9/13/23, 12:05:00 AM,C,6.5
9/13/23, 4:20:00 AM,C,5
9/13/23, 8:35:00 AM,C,6.5
9/13/23, 12:50:00 PM,C,13.5
9/13/23, 5:05:00 PM,C,11.5
9/13/23, 9:20:00 PM,C,7.5
9/14/23, 1:35:00 AM,C,5.5
9/14/23, 5:50:00 AM,C,5
9/14/23, 10:05:00 AM,C,8
9/14/23, 2:20:00 PM,C,3.5
9/14/23, 6:35:00 PM,C,7
9/14/23, 10:50:00 PM,C,6.5
9/15/23, 3:05:00 AM,C,6
9/15/23, 7:20:00 AM,C,5.5
9/15/23, 11:35:00 AM,C,7
9/15/23, 3:50:00 PM,C,9
9/15/23, 8:05:00 PM,C,6
9/16/23, 12:20:00 AM,C,3.5
9/16/23, 4:35:00 AM,C,2
9/16/23, 8:50:00 AM,C,1.5
9/16/23, 1:05:00 PM,C,16
9/16/23, 5:20:00 PM,C,11
9/16/23, 9:35:00 PM,C,7
9/17/23, 1:50:00 AM,C,4.5
9/17/23, 6:05:00 AM,C,3.5
9/17/23, 10:20:00 AM,C,9.5
9/17/23, 2:35:00 PM,C,17
9/17/23, 6:50:00 PM,C,10
9/17/23, 11:05:00 PM,C,7.5
9/18/23, 3:20:00 AM,C,5.5
9/18/23, 7:35:00 AM,C,5
9/18/23, 11:50:00 AM,C,12
9/18/23, 4:05:00 PM,C,11.5
9/18/23, 8:20:00 PM,C,8
9/19/23, 12:35:00 AM,C,6
9/19/23, 4:50:00 AM,C,5
9/19/23, 9:05:00 AM,C,5.5
9/19/23, 1:20:00 PM,C,16
9/19/23, 5:35:00 PM,C,12.5
9/19/23, 9:50:00 PM,C,8
9/20/23, 2:05:00 AM,C,5.5
9/20/23, 6:20:00 AM,C,5
9/20/23, 10:35:00 AM,C,11
9/20/23, 2:50:00 PM,C,16.5
9/20/23, 7:05:00 PM,C,10
9/20/23, 11:20:00 PM,C,7
9/21/23, 3:35:00 AM,C,5
9/21/23, 7:50:00 AM,C,4.5
9/21/23, 12:05:00 PM,C,14.5
9/21/23, 4:20:00 PM,C,12
9/21/23, 8:35:00 PM,C,8
9/22/23, 12:50:00 AM,C,5.5
9/22/23, 5:05:00 AM,C,4
9/22/23, 9:20:00 AM,C,7
9/22/23, 1:35:00 PM,C,17
9/22/23, 5:50:00 PM,C,10.5
9/22/23, 10:05:00 PM,C,6.5
9/23/23, 2:20:00 AM,C,5
9/23/23, 6:35:00 AM,C,3
9/23/23, 10:50:00 AM,C,7
9/23/23, 3:05:00 PM,C,11.5
9/23/23, 7:20:00 PM,C,7
9/23/23, 11:35:00 PM,C,4
9/24/23, 3:50:00 AM,C,3
9/24/23, 8:05:00 AM,C,3
9/24/23, 12:20:00 PM,C,14
9/24/23, 4:35:00 PM,C,11.5
9/24/23, 8:50:00 PM,C,6.5
9/25/23, 1:05:00 AM,C,4
9/25/23, 5:20:00 AM,C,3
9/25/23, 9:35:00 AM,C,8
9/25/23, 1:50:00 PM,C,18.5
9/25/23, 6:05:00 PM,C,10.5
9/25/23, 10:20:00 PM,C,7.5
9/26/23, 2:35:00 AM,C,6
9/26/23, 6:50:00 AM,C,4.5
9/26/23, 11:05:00 AM,C,13.5
9/26/23, 3:20:00 PM,C,17
9/26/23, 7:35:00 PM,C,10
9/26/23, 11:50:00 PM,C,7.5
9/27/23, 4:05:00 AM,C,5.5
9/27/23, 8:20:00 AM,C,6
9/27/23, 12:35:00 PM,C,18.5
9/27/23, 4:50:00 PM,C,14
9/27/23, 9:05:00 PM,C,9.5
9/28/23, 1:20:00 AM,C,7.5
9/28/23, 5:35:00 AM,C,7
9/28/23, 9:50:00 AM,C,12.5
9/28/23, 2:05:00 PM,C,20.5
9/28/23, 6:20:00 PM,C,14
9/28/23, 10:35:00 PM,C,9.5
9/29/23, 2:50:00 AM,C,7.5
9/29/23, 7:05:00 AM,C,6.5
9/29/23, 11:20:00 AM,C,17
9/29/23, 3:35:00 PM,C,17.5
9/29/23, 7:50:00 PM,C,11
9/30/23, 12:05:00 AM,C,8
9/30/23, 4:20:00 AM,C,6.5
9/30/23, 8:35:00 AM,C,7
9/30/23, 12:50:00 PM,C,19
9/30/23, 5:05:00 PM,C,12.5
9/30/23, 9:20:00 PM,C,8.5
10/1/23, 1:35:00 AM,C,8
10/1/23, 5:50:00 AM,C,6.5
10/1/23, 10:05:00 AM,C,12.5
10/1/23, 2:20:00 PM,C,15.5
10/1/23, 6:35:00 PM,C,11
10/1/23, 10:50:00 PM,C,7.5
10/2/23, 3:05:00 AM,C,6.5
10/2/23, 7:20:00 AM,C,6
10/2/23, 11:35:00 AM,C,13
10/2/23, 3:50:00 PM,C,12
10/2/23, 8:05:00 PM,C,8.5
10/3/23, 12:20:00 AM,C,6
10/3/23, 4:35:00 AM,C,3.5
10/3/23, 8:50:00 AM,C,3.5
10/3/23, 1:05:00 PM,C,6.5
10/3/23, 5:20:00 PM,C,7.5
10/3/23, 9:35:00 PM,C,3.5
10/4/23, 1:50:00 AM,C,3
10/4/23, 6:05:00 AM,C,2.5
10/4/23, 10:20:00 AM,C,7
10/4/23, 2:35:00 PM,C,13
10/4/23, 6:50:00 PM,C,6
10/4/23, 11:05:00 PM,C,3.5
10/5/23, 3:20:00 AM,C,3
10/5/23, 7:35:00 AM,C,2.5
10/5/23, 11:50:00 AM,C,12
10/5/23, 4:05:00 PM,C,10.5
10/5/23, 8:20:00 PM,C,5.5
10/6/23, 12:35:00 AM,C,3.5
10/6/23, 4:50:00 AM,C,3.5
10/6/23, 9:05:00 AM,C,3.5
10/6/23, 1:20:00 PM,C,9.5
10/6/23, 5:35:00 PM,C,7
10/6/23, 9:50:00 PM,C,4
10/7/23, 2:05:00 AM,C,3.5
10/7/23, 6:20:00 AM,C,2.5
10/7/23, 10:35:00 AM,C,10
10/7/23, 2:50:00 PM,C,17.5
10/7/23, 7:05:00 PM,C,7.5
10/7/23, 11:20:00 PM,C,4.5
10/8/23, 3:35:00 AM,C,3.5
10/8/23, 7:50:00 AM,C,3.5
10/8/23, 12:05:00 PM,C,15.5
10/8/23, 4:20:00 PM,C,12
10/8/23, 8:35:00 PM,C,6.5
10/9/23, 12:50:00 AM,C,4
10/9/23, 5:05:00 AM,C,3.5
10/9/23, 9:20:00 AM,C,6.5
10/9/23, 1:35:00 PM,C,17.5
10/9/23, 5:50:00 PM,C,9.5
10/9/23, 10:05:00 PM,C,5.5
10/10/23, 2:20:00 AM,C,3.5
10/10/23, 6:35:00 AM,C,1.5
10/10/23, 10:50:00 AM,C,12
10/10/23, 3:05:00 PM,C,16
10/10/23, 7:20:00 PM,C,8.5
10/10/23, 11:35:00 PM,C,5.5
10/11/23, 3:50:00 AM,C,4.5
10/11/23, 8:05:00 AM,C,4.5
10/11/23, 12:20:00 PM,C,9.5
10/11/23, 4:35:00 PM,C,6
10/11/23, 8:50:00 PM,C,4.5
10/12/23, 1:05:00 AM,C,3.5
10/12/23, 5:20:00 AM,C,3
10/12/23, 9:35:00 AM,C,2.5
10/12/23, 1:50:00 PM,C,2.5
10/12/23, 6:05:00 PM,C,2
10/12/23, 10:20:00 PM,C,1.5
10/13/23, 2:35:00 AM,C,1
10/13/23, 6:50:00 AM,C,1
10/13/23, 11:05:00 AM,C,1.5
10/13/23, 3:20:00 PM,C,6.5
10/13/23, 7:35:00 PM,C,2
10/13/23, 11:50:00 PM,C,0
10/14/23, 4:05:00 AM,C,0
10/14/23, 8:20:00 AM,C,0
10/14/23, 12:35:00 PM,C,3
10/14/23, 4:50:00 PM,C,5.5
10/14/23, 9:05:00 PM,C,2
10/15/23, 1:20:00 AM,C,0.5
10/15/23, 5:35:00 AM,C,0
10/15/23, 9:50:00 AM,C,1
10/15/23, 2:05:00 PM,C,11.5
10/15/23, 6:20:00 PM,C,4.5
10/15/23, 10:35:00 PM,C,2
10/16/23, 2:50:00 AM,C,1.5
10/16/23, 7:05:00 AM,C,1
10/16/23, 11:20:00 AM,C,9
10/16/23, 3:35:00 PM,C,10.5
10/16/23, 7:50:00 PM,C,5
10/17/23, 12:05:00 AM,C,4
10/17/23, 4:20:00 AM,C,3.5
10/17/23, 8:35:00 AM,C,3.5
10/17/23, 12:50:00 PM,C,11
10/17/23, 5:05:00 PM,C,9.5
10/17/23, 9:20:00 PM,C,6
10/18/23, 1:35:00 AM,C,4.5
10/18/23, 5:50:00 AM,C,3
10/18/23, 10:05:00 AM,C,5.5
10/18/23, 2:20:00 PM,C,9
10/18/23, 6:35:00 PM,C,5.5
10/18/23, 10:50:00 PM,C,4.5
10/19/23, 3:05:00 AM,C,3.5
10/19/23, 7:20:00 AM,C,3
10/19/23, 11:35:00 AM,C,9
10/19/23, 3:50:00 PM,C,10
10/19/23, 8:05:00 PM,C,6
10/20/23, 12:20:00 AM,C,4.5
10/20/23, 4:35:00 AM,C,3.5
10/20/23, 8:50:00 AM,C,4.5
10/20/23, 1:05:00 PM,C,12.5
10/20/23, 5:20:00 PM,C,8.5
10/20/23, 9:35:00 PM,C,5
10/21/23, 1:50:00 AM,C,3
10/21/23, 6:05:00 AM,C,2.5
10/21/23, 10:20:00 AM,C,8.5
10/21/23, 2:35:00 PM,C,15.5
10/21/23, 6:50:00 PM,C,7.5
10/21/23, 11:05:00 PM,C,6.5
10/22/23, 3:20:00 AM,C,4
10/22/23, 7:35:00 AM,C,3
10/22/23, 11:50:00 AM,C,10.5
10/22/23, 4:05:00 PM,C,9.5
10/22/23, 8:20:00 PM,C,5
10/23/23, 12:35:00 AM,C,3.5
10/23/23, 4:50:00 AM,C,2.5
10/23/23, 9:05:00 AM,C,4
10/23/23, 1:20:00 PM,C,16
10/23/23, 5:35:00 PM,C,9
10/23/23, 9:50:00 PM,C,6
10/24/23, 2:05:00 AM,C,4
10/24/23, 6:20:00 AM,C,2.5
10/24/23, 10:35:00 AM,C,8.5
10/24/23, 2:50:00 PM,C,11.5
10/24/23, 7:05:00 PM,C,6.5
10/24/23, 11:20:00 PM,C,4
10/25/23, 3:35:00 AM,C,2.5
10/25/23, 7:50:00 AM,C,1
10/25/23, 12:05:00 PM,C,9.5
10/25/23, 4:20:00 PM,C,8
10/25/23, 8:35:00 PM,C,4
10/26/23, 12:50:00 AM,C,3
10/26/23, 5:05:00 AM,C,2
10/26/23, 9:20:00 AM,C,1.5
10/26/23, 1:35:00 PM,C,13.5
10/26/23, 5:50:00 PM,C,6.5
10/26/23, 10:05:00 PM,C,2.5
10/27/23, 2:20:00 AM,C,2
10/27/23, 6:35:00 AM,C,0.5
10/27/23, 10:50:00 AM,C,4.5
10/27/23, 3:05:00 PM,C,8.5
10/27/23, 7:20:00 PM,C,2.5
10/27/23, 11:35:00 PM,C,1
10/28/23, 3:50:00 AM,C,0.5
10/28/23, 8:05:00 AM,C,1.5
10/28/23, 12:20:00 PM,C,2
10/28/23, 4:35:00 PM,C,2
10/28/23, 8:50:00 PM,C,2
10/29/23, 1:05:00 AM,C,1.5
10/29/23, 5:20:00 AM,C,1.5
10/29/23, 9:35:00 AM,C,1.5
10/29/23, 1:50:00 PM,C,1.5
10/29/23, 6:05:00 PM,C,1.5
10/29/23, 10:20:00 PM,C,1.5
10/30/23, 2:35:00 AM,C,1.5
10/30/23, 6:50:00 AM,C,1.5
10/30/23, 11:05:00 AM,C,1
10/30/23, 3:20:00 PM,C,0
10/30/23, 7:35:00 PM,C,-1
10/30/23, 11:50:00 PM,C,-1.5
10/31/23, 4:05:00 AM,C,-1.5
10/31/23, 8:20:00 AM,C,-2
10/31/23, 12:35:00 PM,C,-2
10/31/23, 4:50:00 PM,C,-2
10/31/23, 9:05:00 PM,C,-2
11/1/23, 1:20:00 AM,C,-2
11/1/23, 5:35:00 AM,C,-2
11/1/23, 9:50:00 AM,C,-2
11/1/23, 2:05:00 PM,C,-1
11/1/23, 6:20:00 PM,C,-1
11/1/23, 10:35:00 PM,C,-1.5
11/2/23, 2:50:00 AM,C,-2
11/2/23, 7:05:00 AM,C,-2
11/2/23, 11:20:00 AM,C,-1
11/2/23, 3:35:00 PM,C,-0.5
11/2/23, 7:50:00 PM,C,-1
11/3/23, 12:05:00 AM,C,-1
11/3/23, 4:20:00 AM,C,-1.5
11/3/23, 8:35:00 AM,C,-1.5
11/3/23, 12:50:00 PM,C,-0.5
11/3/23, 5:05:00 PM,C,-0.5
11/3/23, 9:20:00 PM,C,-1.5
11/4/23, 1:35:00 AM,C,-1.5
11/4/23, 5:50:00 AM,C,-1.5
11/4/23, 10:05:00 AM,C,-0.5
11/4/23, 2:20:00 PM,C,1.5
11/4/23, 6:35:00 PM,C,-0.5
11/4/23, 10:50:00 PM,C,-1
11/5/23, 2:05:00 AM,C,-1
11/5/23, 6:20:00 AM,C,-1
11/5/23, 10:35:00 AM,C,2
11/5/23, 2:50:00 PM,C,2.5
11/5/23, 7:05:00 PM,C,0
11/5/23, 11:20:00 PM,C,0
11/6/23, 3:35:00 AM,C,-0.5
11/6/23, 7:50:00 AM,C,0
11/6/23, 12:05:00 PM,C,6
11/6/23, 4:20:00 PM,C,3.5
11/6/23, 8:35:00 PM,C,1
11/7/23, 12:50:00 AM,C,0.5
11/7/23, 5:05:00 AM,C,0
11/7/23, 9:20:00 AM,C,3
11/7/23, 1:35:00 PM,C,9.5
11/7/23, 5:50:00 PM,C,2
11/7/23, 10:05:00 PM,C,1.5
11/8/23, 2:20:00 AM,C,1.5
11/8/23, 6:35:00 AM,C,1
11/8/23, 10:50:00 AM,C,1
11/8/23, 3:05:00 PM,C,1
11/8/23, 7:20:00 PM,C,1
11/8/23, 11:35:00 PM,C,1
11/9/23, 3:50:00 AM,C,1
11/9/23, 8:05:00 AM,C,0.5
11/9/23, 12:20:00 PM,C,0.5
11/9/23, 4:35:00 PM,C,0.5
11/9/23, 8:50:00 PM,C,0
11/10/23, 1:05:00 AM,C,0
11/10/23, 5:20:00 AM,C,0
11/10/23, 9:35:00 AM,C,0
11/10/23, 1:50:00 PM,C,0
11/10/23, 6:05:00 PM,C,-0.5
11/10/23, 10:20:00 PM,C,-0.5
11/11/23, 2:35:00 AM,C,-0.5
11/11/23, 6:50:00 AM,C,-0.5
11/11/23, 11:05:00 AM,C,-0.5
11/11/23, 3:20:00 PM,C,-0.5
11/11/23, 7:35:00 PM,C,-0.5
11/11/23, 11:50:00 PM,C,-0.5
11/12/23, 4:05:00 AM,C,-1
11/12/23, 8:20:00 AM,C,-1
11/12/23, 12:35:00 PM,C,-0.5
11/12/23, 4:50:00 PM,C,-0.5
11/12/23, 9:05:00 PM,C,-1
11/13/23, 1:20:00 AM,C,-1
11/13/23, 5:35:00 AM,C,-1
11/13/23, 9:50:00 AM,C,-0.5
11/13/23, 2:05:00 PM,C,-0.5
11/13/23, 6:20:00 PM,C,-1
11/13/23, 10:35:00 PM,C,-1
11/14/23, 2:50:00 AM,C,-1.5
11/14/23, 7:05:00 AM,C,-1.5
11/14/23, 11:20:00 AM,C,-0.5
11/14/23, 3:35:00 PM,C,-0.5
11/14/23, 7:50:00 PM,C,-1.5
11/15/23, 12:05:00 AM,C,-1.5
11/15/23, 4:20:00 AM,C,-1.5
11/15/23, 8:35:00 AM,C,-1.5
11/15/23, 12:50:00 PM,C,-0.5
11/15/23, 5:05:00 PM,C,-1
11/15/23, 9:20:00 PM,C,-1.5
11/16/23, 1:35:00 AM,C,-1
11/16/23, 5:50:00 AM,C,-1.5
11/16/23, 10:05:00 AM,C,-0.5
11/16/23, 2:20:00 PM,C,0
11/16/23, 6:35:00 PM,C,-0.5
11/16/23, 10:50:00 PM,C,-0.5
11/17/23, 3:05:00 AM,C,-0.5
11/17/23, 7:20:00 AM,C,-0.5
11/17/23, 11:35:00 AM,C,-0.5
11/17/23, 3:50:00 PM,C,-0.5
11/17/23, 8:05:00 PM,C,-0.5
11/18/23, 12:20:00 AM,C,-1
11/18/23, 4:35:00 AM,C,-1.5
11/18/23, 8:50:00 AM,C,-1
11/18/23, 1:05:00 PM,C,-0.5
11/18/23, 5:20:00 PM,C,-0.5
11/18/23, 9:35:00 PM,C,-0.5
11/19/23, 1:50:00 AM,C,-0.5
11/19/23, 6:05:00 AM,C,-0.5
11/19/23, 10:20:00 AM,C,-0.5
11/19/23, 2:35:00 PM,C,-0.5
11/19/23, 6:50:00 PM,C,-0.5
11/19/23, 11:05:00 PM,C,-0.5
11/20/23, 3:20:00 AM,C,-0.5
11/20/23, 7:35:00 AM,C,-0.5
11/20/23, 11:50:00 AM,C,-0.5
11/20/23, 4:05:00 PM,C,-0.5
11/20/23, 8:20:00 PM,C,-0.5
11/21/23, 12:35:00 AM,C,-0.5
11/21/23, 4:50:00 AM,C,-0.5
11/21/23, 9:05:00 AM,C,-0.5
11/21/23, 1:20:00 PM,C,-0.5
11/21/23, 5:35:00 PM,C,-0.5
11/21/23, 9:50:00 PM,C,-1
11/22/23, 2:05:00 AM,C,-1
11/22/23, 6:20:00 AM,C,-1
11/22/23, 10:35:00 AM,C,-0.5
11/22/23, 2:50:00 PM,C,-0.5
11/22/23, 7:05:00 PM,C,-1
11/22/23, 11:20:00 PM,C,-1
11/23/23, 3:35:00 AM,C,-1.5
11/23/23, 7:50:00 AM,C,-1.5
11/23/23, 12:05:00 PM,C,-1
11/23/23, 4:20:00 PM,C,-1
11/23/23, 8:35:00 PM,C,-1.5
11/24/23, 12:50:00 AM,C,-1.5
11/24/23, 5:05:00 AM,C,-1
11/24/23, 9:20:00 AM,C,-1
11/24/23, 1:35:00 PM,C,-1
11/24/23, 5:50:00 PM,C,-1
11/24/23, 10:05:00 PM,C,-1
11/25/23, 2:20:00 AM,C,-1
11/25/23, 6:35:00 AM,C,-1
11/25/23, 10:50:00 AM,C,-1
11/25/23, 3:05:00 PM,C,-1
11/25/23, 7:20:00 PM,C,-2
11/25/23, 11:35:00 PM,C,-2
11/26/23, 3:50:00 AM,C,-2
11/26/23, 8:05:00 AM,C,-2.5
11/26/23, 12:20:00 PM,C,-2
11/26/23, 4:35:00 PM,C,-2.5
11/26/23, 8:50:00 PM,C,-3
11/27/23, 1:05:00 AM,C,-3.5
11/27/23, 5:20:00 AM,C,-4
11/27/23, 9:35:00 AM,C,-4
11/27/23, 1:50:00 PM,C,-3.5
11/27/23, 6:05:00 PM,C,-3.5
11/27/23, 10:20:00 PM,C,-4
11/28/23, 2:35:00 AM,C,-4
11/28/23, 6:50:00 AM,C,-4
11/28/23, 11:05:00 AM,C,-3.5
11/28/23, 3:20:00 PM,C,-3.5
11/28/23, 7:35:00 PM,C,-3.5
11/28/23, 11:50:00 PM,C,-4
11/29/23, 4:05:00 AM,C,-4.5
11/29/23, 8:20:00 AM,C,-4
11/29/23, 12:35:00 PM,C,-3
11/29/23, 4:50:00 PM,C,-3
11/29/23, 9:05:00 PM,C,-3.5
11/30/23, 1:20:00 AM,C,-3.5
11/30/23, 5:35:00 AM,C,-4.5
11/30/23, 9:50:00 AM,C,-4
11/30/23, 2:05:00 PM,C,-3.5
11/30/23, 6:20:00 PM,C,-4
11/30/23, 10:35:00 PM,C,-4
12/1/23, 2:50:00 AM,C,-4
12/1/23, 7:05:00 AM,C,-4
12/1/23, 11:20:00 AM,C,-3.5
12/1/23, 3:35:00 PM,C,-3.5
12/1/23, 7:50:00 PM,C,-3.5
12/2/23, 12:05:00 AM,C,-4
12/2/23, 4:20:00 AM,C,-4
12/2/23, 8:35:00 AM,C,-3.5
12/2/23, 12:50:00 PM,C,-3.5
12/2/23, 5:05:00 PM,C,-5
12/2/23, 9:20:00 PM,C,-5
12/3/23, 1:35:00 AM,C,-5
12/3/23, 5:50:00 AM,C,-4.5
12/3/23, 10:05:00 AM,C,-4.5
12/3/23, 2:20:00 PM,C,-4.5
12/3/23, 6:35:00 PM,C,-5
12/3/23, 10:50:00 PM,C,-4.5
12/4/23, 3:05:00 AM,C,-4
12/4/23, 7:20:00 AM,C,-4
12/4/23, 11:35:00 AM,C,-3.5
12/4/23, 3:50:00 PM,C,-3.5
12/4/23, 8:05:00 PM,C,-3.5
12/5/23, 12:20:00 AM,C,-3.5
12/5/23, 4:35:00 AM,C,-4
12/5/23, 8:50:00 AM,C,-3.5
12/5/23, 1:05:00 PM,C,-3
12/5/23, 5:20:00 PM,C,-3
12/5/23, 9:35:00 PM,C,-2.5
12/6/23, 1:50:00 AM,C,-3
12/6/23, 6:05:00 AM,C,-3
12/6/23, 10:20:00 AM,C,-2.5
12/6/23, 2:35:00 PM,C,-2
12/6/23, 6:50:00 PM,C,-3
12/6/23, 11:05:00 PM,C,-3.5
12/7/23, 3:20:00 AM,C,-3
12/7/23, 7:35:00 AM,C,-3.5
12/7/23, 11:50:00 AM,C,-2.5
12/7/23, 4:05:00 PM,C,-3
12/7/23, 8:20:00 PM,C,-3.5
12/8/23, 12:35:00 AM,C,-4
12/8/23, 4:50:00 AM,C,-4.5
12/8/23, 9:05:00 AM,C,-4.5
12/8/23, 1:20:00 PM,C,-3.5
12/8/23, 5:35:00 PM,C,-3.5
12/8/23, 9:50:00 PM,C,-3.5
12/9/23, 2:05:00 AM,C,-3
12/9/23, 6:20:00 AM,C,-3
12/9/23, 10:35:00 AM,C,-3
12/9/23, 2:50:00 PM,C,-2.5
12/9/23, 7:05:00 PM,C,-3
12/9/23, 11:20:00 PM,C,-6
12/10/23, 3:35:00 AM,C,-7
12/10/23, 7:50:00 AM,C,-7
12/10/23, 12:05:00 PM,C,-5.5
12/10/23, 4:20:00 PM,C,-5
12/10/23, 8:35:00 PM,C,-5
12/11/23, 12:50:00 AM,C,-5
12/11/23, 5:05:00 AM,C,-4.5
12/11/23, 9:20:00 AM,C,-4.5
12/11/23, 1:35:00 PM,C,-3
12/11/23, 5:50:00 PM,C,-3
12/11/23, 10:05:00 PM,C,-3
12/12/23, 2:20:00 AM,C,-3.5
12/12/23, 6:35:00 AM,C,-4
12/12/23, 10:50:00 AM,C,-3
12/12/23, 3:05:00 PM,C,-2.5
12/12/23, 7:20:00 PM,C,-3
12/12/23, 11:35:00 PM,C,-3.5
12/13/23, 3:50:00 AM,C,-3.5
12/13/23, 8:05:00 AM,C,-4
12/13/23, 12:20:00 PM,C,-2.5
12/13/23, 4:35:00 PM,C,-2.5
12/13/23, 8:50:00 PM,C,-3
12/14/23, 1:05:00 AM,C,-3
12/14/23, 5:20:00 AM,C,-3.5
12/14/23, 9:35:00 AM,C,-3.5
12/14/23, 1:50:00 PM,C,-2
12/14/23, 6:05:00 PM,C,-3
12/14/23, 10:20:00 PM,C,-3.5
12/15/23, 2:35:00 AM,C,-4
12/15/23, 6:50:00 AM,C,-4.5
12/15/23, 11:05:00 AM,C,-3.5
12/15/23, 3:20:00 PM,C,-4
12/15/23, 7:35:00 PM,C,-5
12/15/23, 11:50:00 PM,C,-5
12/16/23, 4:05:00 AM,C,-5
12/16/23, 8:20:00 AM,C,-5.5
12/16/23, 12:35:00 PM,C,-3.5
12/16/23, 4:50:00 PM,C,-4
12/16/23, 9:05:00 PM,C,-5
12/17/23, 1:20:00 AM,C,-5.5
12/17/23, 5:35:00 AM,C,-5.5
12/17/23, 9:50:00 AM,C,-4
12/17/23, 2:05:00 PM,C,-3
12/17/23, 6:20:00 PM,C,-5
12/17/23, 10:35:00 PM,C,-6
12/18/23, 2:50:00 AM,C,-5.5
12/18/23, 7:05:00 AM,C,-6.5
12/18/23, 11:20:00 AM,C,-3.5
12/18/23, 3:35:00 PM,C,-3
12/18/23, 7:50:00 PM,C,-4.5
12/19/23, 12:05:00 AM,C,-6
12/19/23, 4:20:00 AM,C,-5.5
12/19/23, 8:35:00 AM,C,-5
12/19/23, 12:50:00 PM,C,-2
12/19/23, 5:05:00 PM,C,-2.5
12/19/23, 9:20:00 PM,C,-4
12/20/23, 1:35:00 AM,C,-3.5
12/20/23, 5:50:00 AM,C,-3.5
12/20/23, 10:05:00 AM,C,-2
12/20/23, 2:20:00 PM,C,0
12/20/23, 6:35:00 PM,C,-2.5
12/20/23, 10:50:00 PM,C,-3
12/21/23, 3:05:00 AM,C,-3
12/21/23, 7:20:00 AM,C,-3.5
12/21/23, 11:35:00 AM,C,0.5
12/21/23, 3:50:00 PM,C,-2
12/21/23, 8:05:00 PM,C,-4
12/22/23, 12:20:00 AM,C,-4.5
12/22/23, 4:35:00 AM,C,-5
12/22/23, 8:50:00 AM,C,-4.5
12/22/23, 1:05:00 PM,C,0.5
12/22/23, 5:20:00 PM,C,-3
12/22/23, 9:35:00 PM,C,-4.5
12/23/23, 1:50:00 AM,C,-4.5
12/23/23, 6:05:00 AM,C,-4
12/23/23, 10:20:00 AM,C,-2
12/23/23, 2:35:00 PM,C,-0.5
12/23/23, 6:50:00 PM,C,-2.5
12/23/23, 11:05:00 PM,C,-2.5
12/24/23, 3:20:00 AM,C,-2.5
12/24/23, 7:35:00 AM,C,-3
12/24/23, 11:50:00 AM,C,-2.5
12/24/23, 4:05:00 PM,C,-2.5
12/24/23, 8:20:00 PM,C,-2.5
12/25/23, 12:35:00 AM,C,-3
12/25/23, 4:50:00 AM,C,-4
12/25/23, 9:05:00 AM,C,-5
12/25/23, 1:20:00 PM,C,-5
12/25/23, 5:35:00 PM,C,-6.5
12/25/23, 9:50:00 PM,C,-7.5
12/26/23, 2:05:00 AM,C,-8
12/26/23, 6:20:00 AM,C,-8
12/26/23, 10:35:00 AM,C,-7
12/26/23, 2:50:00 PM,C,-6
12/26/23, 7:05:00 PM,C,-6.5
12/26/23, 11:20:00 PM,C,-6.5
12/27/23, 3:35:00 AM,C,-6.5
12/27/23, 7:50:00 AM,C,-7
12/27/23, 12:05:00 PM,C,-4.5
12/27/23, 4:20:00 PM,C,-6
12/27/23, 8:35:00 PM,C,-7
12/28/23, 12:50:00 AM,C,-7.5
12/28/23, 5:05:00 AM,C,-8
12/28/23, 9:20:00 AM,C,-6
12/28/23, 1:35:00 PM,C,-2
12/28/23, 5:50:00 PM,C,-5.5
12/28/23, 10:05:00 PM,C,-6
12/29/23, 2:20:00 AM,C,-7
12/29/23, 6:35:00 AM,C,-7
12/29/23, 10:50:00 AM,C,-3
12/29/23, 3:05:00 PM,C,-3.5
12/29/23, 7:20:00 PM,C,-5
12/29/23, 11:35:00 PM,C,-5
12/30/23, 3:50:00 AM,C,-6
12/30/23, 8:05:00 AM,C,-6
12/30/23, 12:20:00 PM,C,-0.5
12/30/23, 4:35:00 PM,C,-3.5
12/30/23, 8:50:00 PM,C,-6
12/31/23, 1:05:00 AM,C,-6.5
12/31/23, 5:20:00 AM,C,-6.5
12/31/23, 9:35:00 AM,C,-4
12/31/23, 1:50:00 PM,C,1.5
12/31/23, 6:05:00 PM,C,-3
12/31/23, 10:20:00 PM,C,-5.5
1/1/24, 2:35:00 AM,C,-6
1/1/24, 6:50:00 AM,C,-6.5
1/1/24, 11:05:00 AM,C,-0.5
1/1/24, 3:20:00 PM,C,-1
1/1/24, 7:35:00 PM,C,-4
1/1/24, 11:50:00 PM,C,-5
1/2/24, 4:05:00 AM,C,-6.5
1/2/24, 8:20:00 AM,C,-7
1/2/24, 12:35:00 PM,C,0
1/2/24, 4:50:00 PM,C,-4.5
1/2/24, 9:05:00 PM,C,-6
1/3/24, 1:20:00 AM,C,-6.5
1/3/24, 5:35:00 AM,C,-7.5
1/3/24, 9:50:00 AM,C,-4
1/3/24, 2:05:00 PM,C,0
1/3/24, 6:20:00 PM,C,-5.5
1/3/24, 10:35:00 PM,C,-7
1/4/24, 2:50:00 AM,C,-7
1/4/24, 7:05:00 AM,C,-6.5
1/4/24, 11:20:00 AM,C,-3
1/4/24, 3:35:00 PM,C,-3
1/4/24, 7:50:00 PM,C,-4.5
1/5/24, 12:05:00 AM,C,-5.5
1/5/24, 4:20:00 AM,C,-6
1/5/24, 8:35:00 AM,C,-6
1/5/24, 12:50:00 PM,C,-4.5
1/5/24, 5:05:00 PM,C,-5.5
1/5/24, 9:20:00 PM,C,-6
1/6/24, 1:35:00 AM,C,-7
1/6/24, 5:50:00 AM,C,-7.5
1/6/24, 10:05:00 AM,C,-7
1/6/24, 2:20:00 PM,C,-6.5
1/6/24, 6:35:00 PM,C,-8
1/6/24, 10:50:00 PM,C,-8.5
1/7/24, 3:05:00 AM,C,-9
1/7/24, 7:20:00 AM,C,-9
1/7/24, 11:35:00 AM,C,-7
1/7/24, 3:50:00 PM,C,-6.5
1/7/24, 8:05:00 PM,C,-7.5
1/8/24, 12:20:00 AM,C,-8
1/8/24, 4:35:00 AM,C,-7.5
1/8/24, 8:50:00 AM,C,-7.5
1/8/24, 1:05:00 PM,C,-6
1/8/24, 5:20:00 PM,C,-7
1/8/24, 9:35:00 PM,C,-8.5
1/9/24, 1:50:00 AM,C,-9.5
1/9/24, 6:05:00 AM,C,-10
1/9/24, 10:20:00 AM,C,-9.5
1/9/24, 2:35:00 PM,C,-8.5
1/9/24, 6:50:00 PM,C,-9
1/9/24, 11:05:00 PM,C,-8.5
1/10/24, 3:20:00 AM,C,-8.5
1/10/24, 7:35:00 AM,C,-8.5
1/10/24, 11:50:00 AM,C,-8.5
1/10/24, 4:05:00 PM,C,-8.5
1/10/24, 8:20:00 PM,C,-8
1/11/24, 12:35:00 AM,C,-8
1/11/24, 4:50:00 AM,C,-7.5
1/11/24, 9:05:00 AM,C,-7.5
1/11/24, 1:20:00 PM,C,-7.5
1/11/24, 5:35:00 PM,C,-8
1/11/24, 9:50:00 PM,C,-8.5
1/12/24, 2:05:00 AM,C,-10
1/12/24, 6:20:00 AM,C,-10.5
1/12/24, 10:35:00 AM,C,-10
1/12/24, 2:50:00 PM,C,-10
1/12/24, 7:05:00 PM,C,-10
1/12/24, 11:20:00 PM,C,-9.5
1/13/24, 3:35:00 AM,C,-9.5
1/13/24, 7:50:00 AM,C,-9.5
1/13/24, 12:05:00 PM,C,-9
1/13/24, 4:20:00 PM,C,-10
1/13/24, 8:35:00 PM,C,-10
1/14/24, 12:50:00 AM,C,-9.5
1/14/24, 5:05:00 AM,C,-8.5
1/14/24, 9:20:00 AM,C,-8
1/14/24, 1:35:00 PM,C,-7.5
1/14/24, 5:50:00 PM,C,-8
1/14/24, 10:05:00 PM,C,-8
1/15/24, 2:20:00 AM,C,-8
1/15/24, 6:35:00 AM,C,-8.5
1/15/24, 10:50:00 AM,C,-8
1/15/24, 3:05:00 PM,C,-9
1/15/24, 7:20:00 PM,C,-11.5
1/15/24, 11:35:00 PM,C,-12
1/16/24, 3:50:00 AM,C,-12.5
1/16/24, 8:05:00 AM,C,-13
1/16/24, 12:20:00 PM,C,-11.5
1/16/24, 4:35:00 PM,C,-11
1/16/24, 8:50:00 PM,C,-11
1/17/24, 1:05:00 AM,C,-10.5
1/17/24, 5:20:00 AM,C,-10
1/17/24, 9:35:00 AM,C,-9
1/17/24, 1:50:00 PM,C,-7.5
1/17/24, 6:05:00 PM,C,-7.5
1/17/24, 10:20:00 PM,C,-7.5
1/18/24, 2:35:00 AM,C,-7.5
1/18/24, 6:50:00 AM,C,-7.5
1/18/24, 11:05:00 AM,C,-6.5
1/18/24, 3:20:00 PM,C,-6.5
1/18/24, 7:35:00 PM,C,-7
1/18/24, 11:50:00 PM,C,-7.5
1/19/24, 4:05:00 AM,C,-8
1/19/24, 8:20:00 AM,C,-8
1/19/24, 12:35:00 PM,C,-6
1/19/24, 4:50:00 PM,C,-5.5
1/19/24, 9:05:00 PM,C,-6
1/20/24, 1:20:00 AM,C,-6
1/20/24, 5:35:00 AM,C,-5.5
1/20/24, 9:50:00 AM,C,-5.5
1/20/24, 2:05:00 PM,C,-3.5
1/20/24, 6:20:00 PM,C,-5
1/20/24, 10:35:00 PM,C,-5
1/21/24, 2:50:00 AM,C,-5.5
1/21/24, 7:05:00 AM,C,-5
1/21/24, 11:20:00 AM,C,-4
1/21/24, 3:35:00 PM,C,-3
1/21/24, 7:50:00 PM,C,-4
1/22/24, 12:05:00 AM,C,-5
1/22/24, 4:20:00 AM,C,-5.5
1/22/24, 8:35:00 AM,C,-5.5
1/22/24, 12:50:00 PM,C,-3
1/22/24, 5:05:00 PM,C,-3.5
1/22/24, 9:20:00 PM,C,-4.5
1/23/24, 1:35:00 AM,C,-5
1/23/24, 5:50:00 AM,C,-5.5
1/23/24, 10:05:00 AM,C,-4
1/23/24, 2:20:00 PM,C,-3
1/23/24, 6:35:00 PM,C,-4
1/23/24, 10:50:00 PM,C,-4.5
1/24/24, 3:05:00 AM,C,-5
1/24/24, 7:20:00 AM,C,-5.5
1/24/24, 11:35:00 AM,C,-4
1/24/24, 3:50:00 PM,C,-3.5
1/24/24, 8:05:00 PM,C,-4.5
1/25/24, 12:20:00 AM,C,-4.5
1/25/24, 4:35:00 AM,C,-5
1/25/24, 8:50:00 AM,C,-5
1/25/24, 1:05:00 PM,C,-4.5
1/25/24, 5:20:00 PM,C,-4.5
1/25/24, 9:35:00 PM,C,-5
1/26/24, 1:50:00 AM,C,-5
1/26/24, 6:05:00 AM,C,-5
1/26/24, 10:20:00 AM,C,-5
1/26/24, 2:35:00 PM,C,-4
1/26/24, 6:50:00 PM,C,-4
1/26/24, 11:05:00 PM,C,-4.5
1/27/24, 3:20:00 AM,C,-5
1/27/24, 7:35:00 AM,C,-5.5
1/27/24, 11:50:00 AM,C,-5.5
1/27/24, 4:05:00 PM,C,-5
1/27/24, 8:20:00 PM,C,-5.5
1/28/24, 12:35:00 AM,C,-5
1/28/24, 4:50:00 AM,C,-5
1/28/24, 9:05:00 AM,C,-5
1/28/24, 1:20:00 PM,C,-4.5
1/28/24, 5:35:00 PM,C,-4
1/28/24, 9:50:00 PM,C,-4
1/29/24, 2:05:00 AM,C,-4
1/29/24, 6:20:00 AM,C,-4.5
1/29/24, 10:35:00 AM,C,-4.5
1/29/24, 2:50:00 PM,C,-3.5
1/29/24, 7:05:00 PM,C,-3.5
1/29/24, 11:20:00 PM,C,-4
1/30/24, 3:35:00 AM,C,-4.5
1/30/24, 7:50:00 AM,C,-4.5
1/30/24, 12:05:00 PM,C,-4.5
1/30/24, 4:20:00 PM,C,-3
1/30/24, 8:35:00 PM,C,-3.5
1/31/24, 12:50:00 AM,C,-4
1/31/24, 5:05:00 AM,C,-4.5
1/31/24, 9:20:00 AM,C,-4.5
1/31/24, 1:35:00 PM,C,-3.5
1/31/24, 5:50:00 PM,C,-3
1/31/24, 10:05:00 PM,C,-3.5
2/1/24, 2:20:00 AM,C,-3.5
2/1/24, 6:35:00 AM,C,-4
2/1/24, 10:50:00 AM,C,-3.5
2/1/24, 3:05:00 PM,C,-2.5
2/1/24, 7:20:00 PM,C,-3.5
2/1/24, 11:35:00 PM,C,-4.5
2/2/24, 3:50:00 AM,C,-4.5
2/2/24, 8:05:00 AM,C,-4.5
2/2/24, 12:20:00 PM,C,-3
2/2/24, 4:35:00 PM,C,-2.5
2/2/24, 8:50:00 PM,C,-2.5
2/3/24, 1:05:00 AM,C,-3
2/3/24, 5:20:00 AM,C,-2.5
2/3/24, 9:35:00 AM,C,-3
2/3/24, 1:50:00 PM,C,-2.5
2/3/24, 6:05:00 PM,C,-3
2/3/24, 10:20:00 PM,C,-3
2/4/24, 2:35:00 AM,C,-3.5
2/4/24, 6:50:00 AM,C,-4
2/4/24, 11:05:00 AM,C,-3.5
2/4/24, 3:20:00 PM,C,-3.5
2/4/24, 7:35:00 PM,C,-3.5
2/4/24, 11:50:00 PM,C,-4
2/5/24, 4:05:00 AM,C,-4
2/5/24, 8:20:00 AM,C,-4
2/5/24, 12:35:00 PM,C,-3.5
2/5/24, 4:50:00 PM,C,-3
2/5/24, 9:05:00 PM,C,-3
2/6/24, 1:20:00 AM,C,-3.5
2/6/24, 5:35:00 AM,C,-3.5
2/6/24, 9:50:00 AM,C,-3.5
2/6/24, 2:05:00 PM,C,-2.5
2/6/24, 6:20:00 PM,C,-2.5
2/6/24, 10:35:00 PM,C,-2.5
2/7/24, 2:50:00 AM,C,-3
2/7/24, 7:05:00 AM,C,-3.5
2/7/24, 11:20:00 AM,C,-3.5
2/7/24, 3:35:00 PM,C,-3
2/7/24, 7:50:00 PM,C,-4
2/8/24, 12:05:00 AM,C,-4.5
2/8/24, 4:20:00 AM,C,-4.5
2/8/24, 8:35:00 AM,C,-5
2/8/24, 12:50:00 PM,C,-4.5
2/8/24, 5:05:00 PM,C,-5
2/8/24, 9:20:00 PM,C,-5.5
2/9/24, 1:35:00 AM,C,-6.5
2/9/24, 5:50:00 AM,C,-7
2/9/24, 10:05:00 AM,C,-6.5
2/9/24, 2:20:00 PM,C,-5.5
2/9/24, 6:35:00 PM,C,-6
2/9/24, 10:50:00 PM,C,-6.5
2/10/24, 3:05:00 AM,C,-6.5
2/10/24, 7:20:00 AM,C,-7
2/10/24, 11:35:00 AM,C,-6
2/10/24, 3:50:00 PM,C,-5.5
2/10/24, 8:05:00 PM,C,-5.5
2/11/24, 12:20:00 AM,C,-5.5
2/11/24, 4:35:00 AM,C,-6.5
2/11/24, 8:50:00 AM,C,-6
2/11/24, 1:05:00 PM,C,-5
2/11/24, 5:20:00 PM,C,-5
2/11/24, 9:35:00 PM,C,-5.5
2/12/24, 1:50:00 AM,C,-5
2/12/24, 6:05:00 AM,C,-5.5
2/12/24, 10:20:00 AM,C,-5.5
2/12/24, 2:35:00 PM,C,-5
2/12/24, 6:50:00 PM,C,-5
2/12/24, 11:05:00 PM,C,-5.5
2/13/24, 3:20:00 AM,C,-6.5
2/13/24, 7:35:00 AM,C,-7
2/13/24, 11:50:00 AM,C,-6
2/13/24, 4:05:00 PM,C,-6
2/13/24, 8:20:00 PM,C,-6.5
2/14/24, 12:35:00 AM,C,-7
2/14/24, 4:50:00 AM,C,-7
2/14/24, 9:05:00 AM,C,-6.5
2/14/24, 1:20:00 PM,C,-5.5
2/14/24, 5:35:00 PM,C,-5.5
2/14/24, 9:50:00 PM,C,-6
2/15/24, 2:05:00 AM,C,-6.5
2/15/24, 6:20:00 AM,C,-6.5
2/15/24, 10:35:00 AM,C,-6
2/15/24, 2:50:00 PM,C,-5
2/15/24, 7:05:00 PM,C,-5
2/15/24, 11:20:00 PM,C,-5.5
2/16/24, 3:35:00 AM,C,-5.5
2/16/24, 7:50:00 AM,C,-6
2/16/24, 12:05:00 PM,C,-5.5
2/16/24, 4:20:00 PM,C,-5
2/16/24, 8:35:00 PM,C,-5.5
2/17/24, 12:50:00 AM,C,-5.5
2/17/24, 5:05:00 AM,C,-5
2/17/24, 9:20:00 AM,C,-5
2/17/24, 1:35:00 PM,C,-5
2/17/24, 5:50:00 PM,C,-5
2/17/24, 10:05:00 PM,C,-5
2/18/24, 2:20:00 AM,C,-5.5
2/18/24, 6:35:00 AM,C,-5.5
2/18/24, 10:50:00 AM,C,-5
2/18/24, 3:05:00 PM,C,-4.5
2/18/24, 7:20:00 PM,C,-5
2/18/24, 11:35:00 PM,C,-5.5
2/19/24, 3:50:00 AM,C,-6
2/19/24, 8:05:00 AM,C,-6.5
2/19/24, 12:20:00 PM,C,-5.5
2/19/24, 4:35:00 PM,C,-5
2/19/24, 8:50:00 PM,C,-5.5
2/20/24, 1:05:00 AM,C,-5
2/20/24, 5:20:00 AM,C,-5
2/20/24, 9:35:00 AM,C,-4
2/20/24, 1:50:00 PM,C,-2.5
2/20/24, 6:05:00 PM,C,-2.5
2/20/24, 10:20:00 PM,C,-3
2/21/24, 2:35:00 AM,C,-3.5
2/21/24, 6:50:00 AM,C,-3.5
2/21/24, 11:05:00 AM,C,-2.5
2/21/24, 3:20:00 PM,C,-2.5
2/21/24, 7:35:00 PM,C,-4
2/21/24, 11:50:00 PM,C,-5
2/22/24, 4:05:00 AM,C,-5
2/22/24, 8:20:00 AM,C,-5.5
2/22/24, 12:35:00 PM,C,-4.5
2/22/24, 4:50:00 PM,C,-4
2/22/24, 9:05:00 PM,C,-5.5
2/23/24, 1:20:00 AM,C,-6
2/23/24, 5:35:00 AM,C,-6.5
2/23/24, 9:50:00 AM,C,-6
2/23/24, 2:05:00 PM,C,-5.5
2/23/24, 6:20:00 PM,C,-6.5
2/23/24, 10:35:00 PM,C,-7
2/24/24, 2:50:00 AM,C,-7.5
2/24/24, 7:05:00 AM,C,-8
2/24/24, 11:20:00 AM,C,-6
2/24/24, 3:35:00 PM,C,-5
2/24/24, 7:50:00 PM,C,-6
2/25/24, 12:05:00 AM,C,-6.5
2/25/24, 4:20:00 AM,C,-7
2/25/24, 8:35:00 AM,C,-6.5
2/25/24, 12:50:00 PM,C,-4
2/25/24, 5:05:00 PM,C,-5
2/25/24, 9:20:00 PM,C,-6
2/26/24, 1:35:00 AM,C,-6
2/26/24, 5:50:00 AM,C,-5
2/26/24, 10:05:00 AM,C,-4
2/26/24, 2:20:00 PM,C,-3
2/26/24, 6:35:00 PM,C,-4.5
2/26/24, 10:50:00 PM,C,-4.5
2/27/24, 3:05:00 AM,C,-4.5
2/27/24, 7:20:00 AM,C,-4
2/27/24, 11:35:00 AM,C,-3.5
2/27/24, 3:50:00 PM,C,-4.5
2/27/24, 8:05:00 PM,C,-5.5
2/28/24, 12:20:00 AM,C,-8
2/28/24, 4:35:00 AM,C,-10
2/28/24, 8:50:00 AM,C,-8.5
2/28/24, 1:05:00 PM,C,-4
2/28/24, 5:20:00 PM,C,-6.5
2/28/24, 9:35:00 PM,C,-7
2/29/24, 1:50:00 AM,C,-7
2/29/24, 6:05:00 AM,C,-7
2/29/24, 10:20:00 AM,C,-1.5
2/29/24, 2:35:00 PM,C,-0.5
2/29/24, 6:50:00 PM,C,-4.5
2/29/24, 11:05:00 PM,C,-5
3/1/24, 3:20:00 AM,C,-5.5
3/1/24, 7:35:00 AM,C,-5.5
3/1/24, 11:50:00 AM,C,3
3/1/24, 4:05:00 PM,C,-1
3/1/24, 8:20:00 PM,C,-3.5
3/2/24, 12:35:00 AM,C,-4
3/2/24, 4:50:00 AM,C,-4.5
3/2/24, 9:05:00 AM,C,-2
3/2/24, 1:20:00 PM,C,6.5
3/2/24, 5:35:00 PM,C,0
3/2/24, 9:50:00 PM,C,-1
3/3/24, 2:05:00 AM,C,-1.5
3/3/24, 6:20:00 AM,C,-3
3/3/24, 10:35:00 AM,C,-3
3/3/24, 2:50:00 PM,C,-2.5
3/3/24, 7:05:00 PM,C,-3
3/3/24, 11:20:00 PM,C,-3
3/4/24, 3:35:00 AM,C,-3
3/4/24, 7:50:00 AM,C,-3.5
3/4/24, 12:05:00 PM,C,-3
3/4/24, 4:20:00 PM,C,-3
3/4/24, 8:35:00 PM,C,-3
3/5/24, 12:50:00 AM,C,-3
3/5/24, 5:05:00 AM,C,-3
3/5/24, 9:20:00 AM,C,-3.5
3/5/24, 1:35:00 PM,C,-2.5
3/5/24, 5:50:00 PM,C,-3
3/5/24, 10:05:00 PM,C,-3
3/6/24, 2:20:00 AM,C,-3.5
3/6/24, 6:35:00 AM,C,-4
3/6/24, 10:50:00 AM,C,-3.5
3/6/24, 3:05:00 PM,C,-3
3/6/24, 7:20:00 PM,C,-3
3/6/24, 11:35:00 PM,C,-3.5
3/7/24, 3:50:00 AM,C,-4.5
3/7/24, 8:05:00 AM,C,-4.5
3/7/24, 12:20:00 PM,C,-3.5
3/7/24, 4:35:00 PM,C,-3.5
3/7/24, 8:50:00 PM,C,-3.5
3/8/24, 1:05:00 AM,C,-3.5
3/8/24, 5:20:00 AM,C,-3.5
3/8/24, 9:35:00 AM,C,-3.5
3/8/24, 1:50:00 PM,C,-3
3/8/24, 6:05:00 PM,C,-3
3/8/24, 10:20:00 PM,C,-3
3/9/24, 2:35:00 AM,C,-3.5
3/9/24, 6:50:00 AM,C,-4
3/9/24, 11:05:00 AM,C,-3.5
3/9/24, 3:20:00 PM,C,-3.5
3/9/24, 7:35:00 PM,C,-3.5
3/9/24, 11:50:00 PM,C,-3.5
3/10/24, 5:05:00 AM,C,-4
3/10/24, 9:20:00 AM,C,-4.5
3/10/24, 1:35:00 PM,C,-3.5
3/10/24, 5:50:00 PM,C,-3.5
3/10/24, 10:05:00 PM,C,-3.5
3/11/24, 2:20:00 AM,C,-4
3/11/24, 6:35:00 AM,C,-4.5
3/11/24, 10:50:00 AM,C,-4
3/11/24, 3:05:00 PM,C,-3
3/11/24, 7:20:00 PM,C,-3
3/11/24, 11:35:00 PM,C,-3
3/12/24, 3:50:00 AM,C,-3.5
3/12/24, 8:05:00 AM,C,-4
3/12/24, 12:20:00 PM,C,-4
3/12/24, 4:35:00 PM,C,-2
3/12/24, 8:50:00 PM,C,-2
3/13/24, 1:05:00 AM,C,-2.5
3/13/24, 5:20:00 AM,C,-2.5
3/13/24, 9:35:00 AM,C,-2.5
3/13/24, 1:50:00 PM,C,-2.5
3/13/24, 6:05:00 PM,C,-2.5
3/13/24, 10:20:00 PM,C,-2.5
3/14/24, 2:35:00 AM,C,-2.5
3/14/24, 6:50:00 AM,C,-2.5
3/14/24, 11:05:00 AM,C,-2.5
3/14/24, 3:20:00 PM,C,-2.5
3/14/24, 7:35:00 PM,C,-2.5
3/14/24, 11:50:00 PM,C,-2
3/15/24, 4:05:00 AM,C,-2
3/15/24, 8:20:00 AM,C,-2
3/15/24, 12:35:00 PM,C,-2
3/15/24, 4:50:00 PM,C,-2
3/15/24, 9:05:00 PM,C,-2
3/16/24, 1:20:00 AM,C,-2
3/16/24, 5:35:00 AM,C,-2
3/16/24, 9:50:00 AM,C,-2
3/16/24, 2:05:00 PM,C,-2
3/16/24, 6:20:00 PM,C,-2
3/16/24, 10:35:00 PM,C,-2
3/17/24, 2:50:00 AM,C,-2
3/17/24, 7:05:00 AM,C,-2
3/17/24, 11:20:00 AM,C,-2
3/17/24, 3:35:00 PM,C,-2
3/17/24, 7:50:00 PM,C,-2
3/18/24, 12:05:00 AM,C,-2
3/18/24, 4:20:00 AM,C,-2
3/18/24, 8:35:00 AM,C,-2
3/18/24, 12:50:00 PM,C,-2
3/18/24, 5:05:00 PM,C,-2
3/18/24, 9:20:00 PM,C,-2
3/19/24, 1:35:00 AM,C,-2
3/19/24, 5:50:00 AM,C,-2
3/19/24, 10:05:00 AM,C,-2
3/19/24, 2:20:00 PM,C,-2
3/19/24, 6:35:00 PM,C,-2
3/19/24, 10:50:00 PM,C,-2
3/20/24, 3:05:00 AM,C,-2
3/20/24, 7:20:00 AM,C,-2
3/20/24, 11:35:00 AM,C,-2
3/20/24, 3:50:00 PM,C,-2
3/20/24, 8:05:00 PM,C,-1.5
3/21/24, 12:20:00 AM,C,-2
3/21/24, 4:35:00 AM,C,-1.5
3/21/24, 8:50:00 AM,C,-1.5
3/21/24, 1:05:00 PM,C,-1.5
3/21/24, 5:20:00 PM,C,-1.5
3/21/24, 9:35:00 PM,C,-1.5
3/22/24, 1:50:00 AM,C,-1.5
3/22/24, 6:05:00 AM,C,-1.5
3/22/24, 10:20:00 AM,C,-1.5
3/22/24, 2:35:00 PM,C,-1.5
3/22/24, 6:50:00 PM,C,-1.5
3/22/24, 11:05:00 PM,C,-1.5
3/23/24, 3:20:00 AM,C,-1.5
3/23/24, 7:35:00 AM,C,-1.5
3/23/24, 11:50:00 AM,C,-1.5
3/23/24, 4:05:00 PM,C,-1.5
3/23/24, 8:20:00 PM,C,-1.5
3/24/24, 12:35:00 AM,C,-1.5
3/24/24, 4:50:00 AM,C,-1.5
3/24/24, 9:05:00 AM,C,-1.5
3/24/24, 1:20:00 PM,C,-1.5
3/24/24, 5:35:00 PM,C,-1.5
3/24/24, 9:50:00 PM,C,-1.5
3/25/24, 2:05:00 AM,C,-1.5
3/25/24, 6:20:00 AM,C,-1.5
3/25/24, 10:35:00 AM,C,-1.5
3/25/24, 2:50:00 PM,C,-1.5
3/25/24, 7:05:00 PM,C,-1.5
3/25/24, 11:20:00 PM,C,-1.5
3/26/24, 3:35:00 AM,C,-1.5
3/26/24, 7:50:00 AM,C,-1.5
3/26/24, 12:05:00 PM,C,-1.5
3/26/24, 4:20:00 PM,C,-1.5
3/26/24, 8:35:00 PM,C,-1.5
3/27/24, 12:50:00 AM,C,-1.5
3/27/24, 5:05:00 AM,C,-1.5
3/27/24, 9:20:00 AM,C,-1.5
3/27/24, 1:35:00 PM,C,-1.5
3/27/24, 5:50:00 PM,C,-1.5
3/27/24, 10:05:00 PM,C,-1.5
3/28/24, 2:20:00 AM,C,-1.5
3/28/24, 6:35:00 AM,C,-1.5
3/28/24, 10:50:00 AM,C,-1.5
3/28/24, 3:05:00 PM,C,-1.5
3/28/24, 7:20:00 PM,C,-1.5
3/28/24, 11:35:00 PM,C,-1.5
3/29/24, 3:50:00 AM,C,-1.5
3/29/24, 8:05:00 AM,C,-1.5
3/29/24, 12:20:00 PM,C,-1.5
3/29/24, 4:35:00 PM,C,-1.5
3/29/24, 8:50:00 PM,C,-1.5
3/30/24, 1:05:00 AM,C,-1.5
3/30/24, 5:20:00 AM,C,-1.5
3/30/24, 9:35:00 AM,C,-1.5
3/30/24, 1:50:00 PM,C,-1.5
3/30/24, 6:05:00 PM,C,-1.5
3/30/24, 10:20:00 PM,C,-1.5
3/31/24, 2:35:00 AM,C,-1.5
3/31/24, 6:50:00 AM,C,-1.5
3/31/24, 11:05:00 AM,C,-1.5
3/31/24, 3:20:00 PM,C,-1.5
3/31/24, 7:35:00 PM,C,-1.5
3/31/24, 11:50:00 PM,C,-1.5
4/1/24, 4:05:00 AM,C,-1.5
4/1/24, 8:20:00 AM,C,-1.5
4/1/24, 12:35:00 PM,C,-1.5
4/1/24, 4:50:00 PM,C,-1.5
4/1/24, 9:05:00 PM,C,-1.5
4/2/24, 1:20:00 AM,C,-1.5
4/2/24, 5:35:00 AM,C,-1.5
4/2/24, 9:50:00 AM,C,-1.5
4/2/24, 2:05:00 PM,C,-1.5
4/2/24, 6:20:00 PM,C,-1.5
4/2/24, 10:35:00 PM,C,-1.5
4/3/24, 2:50:00 AM,C,-1.5
4/3/24, 7:05:00 AM,C,-1.5
4/3/24, 11:20:00 AM,C,-1.5
4/3/24, 3:35:00 PM,C,-1.5
4/3/24, 7:50:00 PM,C,-1.5
4/4/24, 12:05:00 AM,C,-1.5
4/4/24, 4:20:00 AM,C,-1.5
4/4/24, 8:35:00 AM,C,-1.5
4/4/24, 12:50:00 PM,C,-1.5
4/4/24, 5:05:00 PM,C,-1
4/4/24, 9:20:00 PM,C,-1
4/5/24, 1:35:00 AM,C,-1
4/5/24, 5:50:00 AM,C,-1
4/5/24, 10:05:00 AM,C,-1
4/5/24, 2:20:00 PM,C,-1
4/5/24, 6:35:00 PM,C,-1
4/5/24, 10:50:00 PM,C,-1
4/6/24, 3:05:00 AM,C,-1
4/6/24, 7:20:00 AM,C,-0.5
4/6/24, 11:35:00 AM,C,-1
4/6/24, 3:50:00 PM,C,-1
4/6/24, 8:05:00 PM,C,-1
4/7/24, 12:20:00 AM,C,-1
4/7/24, 4:35:00 AM,C,-1
4/7/24, 8:50:00 AM,C,-1
4/7/24, 1:05:00 PM,C,-1.5
4/7/24, 5:20:00 PM,C,-1.5
4/7/24, 9:35:00 PM,C,-1.5
4/8/24, 1:50:00 AM,C,-1.5
4/8/24, 6:05:00 AM,C,-1.5
4/8/24, 10:20:00 AM,C,-1.5
4/8/24, 2:35:00 PM,C,-1.5
4/8/24, 6:50:00 PM,C,-1.5
4/8/24, 11:05:00 PM,C,-1.5
4/9/24, 3:20:00 AM,C,-1.5
4/9/24, 7:35:00 AM,C,-1.5
4/9/24, 11:50:00 AM,C,-1.5
4/9/24, 4:05:00 PM,C,-1.5
4/9/24, 8:20:00 PM,C,-1.5
4/10/24, 12:35:00 AM,C,-1.5
4/10/24, 4:50:00 AM,C,-1.5
4/10/24, 9:05:00 AM,C,-1.5
4/10/24, 1:20:00 PM,C,-1.5
4/10/24, 5:35:00 PM,C,-1.5
4/10/24, 9:50:00 PM,C,-1.5
4/11/24, 2:05:00 AM,C,-1.5
4/11/24, 6:20:00 AM,C,-1.5
4/11/24, 10:35:00 AM,C,-1.5
4/11/24, 2:50:00 PM,C,-1.5
4/11/24, 7:05:00 PM,C,-1.5
4/11/24, 11:20:00 PM,C,-1.5
4/12/24, 3:35:00 AM,C,-1.5
4/12/24, 7:50:00 AM,C,-1.5
4/12/24, 12:05:00 PM,C,-1.5
4/12/24, 4:20:00 PM,C,-1
4/12/24, 8:35:00 PM,C,0
4/13/24, 12:50:00 AM,C,0
4/13/24, 5:05:00 AM,C,0
4/13/24, 9:20:00 AM,C,0
4/13/24, 1:35:00 PM,C,0
4/13/24, 5:50:00 PM,C,0
4/13/24, 10:05:00 PM,C,0
4/14/24, 2:20:00 AM,C,0
4/14/24, 6:35:00 AM,C,0
4/14/24, 10:50:00 AM,C,0
4/14/24, 3:05:00 PM,C,0
4/14/24, 7:20:00 PM,C,0
4/14/24, 11:35:00 PM,C,0
4/15/24, 3:50:00 AM,C,0
4/15/24, 8:05:00 AM,C,0
4/15/24, 12:20:00 PM,C,0
4/15/24, 4:35:00 PM,C,0
4/15/24, 8:50:00 PM,C,0
4/16/24, 1:05:00 AM,C,0
4/16/24, 5:20:00 AM,C,0
4/16/24, 9:35:00 AM,C,0
4/16/24, 1:50:00 PM,C,0
4/16/24, 6:05:00 PM,C,0
4/16/24, 10:20:00 PM,C,0
4/17/24, 2:35:00 AM,C,0
4/17/24, 6:50:00 AM,C,0
4/17/24, 11:05:00 AM,C,0
4/17/24, 3:20:00 PM,C,0
4/17/24, 7:35:00 PM,C,0
4/17/24, 11:50:00 PM,C,0
4/18/24, 4:05:00 AM,C,0
4/18/24, 8:20:00 AM,C,0
4/18/24, 12:35:00 PM,C,0
4/18/24, 4:50:00 PM,C,0
4/18/24, 9:05:00 PM,C,0
4/19/24, 1:20:00 AM,C,0
4/19/24, 5:35:00 AM,C,0
4/19/24, 9:50:00 AM,C,0
4/19/24, 2:05:00 PM,C,0
4/19/24, 6:20:00 PM,C,0
4/19/24, 10:35:00 PM,C,0
4/20/24, 2:50:00 AM,C,0
4/20/24, 7:05:00 AM,C,0
4/20/24, 11:20:00 AM,C,0
4/20/24, 3:35:00 PM,C,0
4/20/24, 7:50:00 PM,C,0
4/21/24, 12:05:00 AM,C,0
4/21/24, 4:20:00 AM,C,0
4/21/24, 8:35:00 AM,C,0
4/21/24, 12:50:00 PM,C,0
4/21/24, 5:05:00 PM,C,0
4/21/24, 9:20:00 PM,C,0
4/22/24, 1:35:00 AM,C,0
4/22/24, 5:50:00 AM,C,0
4/22/24, 10:05:00 AM,C,0
4/22/24, 2:20:00 PM,C,0
4/22/24, 6:35:00 PM,C,0
4/22/24, 10:50:00 PM,C,0
4/23/24, 3:05:00 AM,C,0
4/23/24, 7:20:00 AM,C,0
4/23/24, 11:35:00 AM,C,0
4/23/24, 3:50:00 PM,C,0
4/23/24, 8:05:00 PM,C,0
4/24/24, 12:20:00 AM,C,0
4/24/24, 4:35:00 AM,C,0
4/24/24, 8:50:00 AM,C,0
4/24/24, 1:05:00 PM,C,0
4/24/24, 5:20:00 PM,C,0
4/24/24, 9:35:00 PM,C,0
4/25/24, 1:50:00 AM,C,0
4/25/24, 6:05:00 AM,C,0
4/25/24, 10:20:00 AM,C,0
4/25/24, 2:35:00 PM,C,0
4/25/24, 6:50:00 PM,C,0
4/25/24, 11:05:00 PM,C,0
4/26/24, 3:20:00 AM,C,0
4/26/24, 7:35:00 AM,C,0
4/26/24, 11:50:00 AM,C,0
4/26/24, 4:05:00 PM,C,0
4/26/24, 8:20:00 PM,C,0
4/27/24, 12:35:00 AM,C,0
4/27/24, 4:50:00 AM,C,0
4/27/24, 9:05:00 AM,C,0
4/27/24, 1:20:00 PM,C,0
4/27/24, 5:35:00 PM,C,0
4/27/24, 9:50:00 PM,C,0
4/28/24, 2:05:00 AM,C,0
4/28/24, 6:20:00 AM,C,0
4/28/24, 10:35:00 AM,C,0
4/28/24, 2:50:00 PM,C,0
4/28/24, 7:05:00 PM,C,0
4/28/24, 11:20:00 PM,C,0
4/29/24, 3:35:00 AM,C,0
4/29/24, 7:50:00 AM,C,0
4/29/24, 12:05:00 PM,C,0
4/29/24, 4:20:00 PM,C,0
4/29/24, 8:35:00 PM,C,0
4/30/24, 12:50:00 AM,C,0
4/30/24, 5:05:00 AM,C,0
4/30/24, 9:20:00 AM,C,0
4/30/24, 1:35:00 PM,C,0
4/30/24, 5:50:00 PM,C,0
4/30/24, 10:05:00 PM,C,0
5/1/24, 2:20:00 AM,C,0
5/1/24, 6:35:00 AM,C,0
5/1/24, 10:50:00 AM,C,0
5/1/24, 3:05:00 PM,C,0
5/1/24, 7:20:00 PM,C,0
5/1/24, 11:35:00 PM,C,0
5/2/24, 3:50:00 AM,C,0
5/2/24, 8:05:00 AM,C,0
5/2/24, 12:20:00 PM,C,0
5/2/24, 4:35:00 PM,C,0
5/2/24, 8:50:00 PM,C,0
5/3/24, 1:05:00 AM,C,0
5/3/24, 5:20:00 AM,C,0
5/3/24, 9:35:00 AM,C,0
5/3/24, 1:50:00 PM,C,0
5/3/24, 6:05:00 PM,C,0
5/3/24, 10:20:00 PM,C,0
5/4/24, 2:35:00 AM,C,0
5/4/24, 6:50:00 AM,C,0
5/4/24, 11:05:00 AM,C,0
5/4/24, 3:20:00 PM,C,0
5/4/24, 7:35:00 PM,C,0
5/4/24, 11:50:00 PM,C,0
5/5/24, 4:05:00 AM,C,0
5/5/24, 8:20:00 AM,C,0
5/5/24, 12:35:00 PM,C,0
5/5/24, 4:50:00 PM,C,0
5/5/24, 9:05:00 PM,C,0
5/6/24, 1:20:00 AM,C,0
5/6/24, 5:35:00 AM,C,0
5/6/24, 9:50:00 AM,C,0
5/6/24, 2:05:00 PM,C,0
5/6/24, 6:20:00 PM,C,0
5/6/24, 10:35:00 PM,C,0
5/7/24, 2:50:00 AM,C,0
5/7/24, 7:05:00 AM,C,0
5/7/24, 11:20:00 AM,C,0
5/7/24, 3:35:00 PM,C,0
5/7/24, 7:50:00 PM,C,0
5/8/24, 12:05:00 AM,C,0
5/8/24, 4:20:00 AM,C,0
5/8/24, 8:35:00 AM,C,0
5/8/24, 12:50:00 PM,C,0
5/8/24, 5:05:00 PM,C,0
5/8/24, 9:20:00 PM,C,0
5/9/24, 1:35:00 AM,C,0
5/9/24, 5:50:00 AM,C,0
5/9/24, 10:05:00 AM,C,0
5/9/24, 2:20:00 PM,C,0
5/9/24, 6:35:00 PM,C,0
5/9/24, 10:50:00 PM,C,0
5/10/24, 3:05:00 AM,C,0
5/10/24, 7:20:00 AM,C,0
5/10/24, 11:35:00 AM,C,0
5/10/24, 3:50:00 PM,C,0
5/10/24, 8:05:00 PM,C,0
5/11/24, 12:20:00 AM,C,0
5/11/24, 4:35:00 AM,C,0
5/11/24, 8:50:00 AM,C,0
5/11/24, 1:05:00 PM,C,0
5/11/24, 5:20:00 PM,C,0
5/11/24, 9:35:00 PM,C,0
5/12/24, 1:50:00 AM,C,0
5/12/24, 6:05:00 AM,C,0
5/12/24, 10:20:00 AM,C,0
5/12/24, 2:35:00 PM,C,0
5/12/24, 6:50:00 PM,C,0
5/12/24, 11:05:00 PM,C,0
5/13/24, 3:20:00 AM,C,0
5/13/24, 7:35:00 AM,C,0
5/13/24, 11:50:00 AM,C,0
5/13/24, 4:05:00 PM,C,0
5/13/24, 8:20:00 PM,C,0
5/14/24, 12:35:00 AM,C,0
5/14/24, 4:50:00 AM,C,0
5/14/24, 9:05:00 AM,C,0
5/14/24, 1:20:00 PM,C,0
5/14/24, 5:35:00 PM,C,0
5/14/24, 9:50:00 PM,C,0
5/15/24, 2:05:00 AM,C,0
5/15/24, 6:20:00 AM,C,0
5/15/24, 10:35:00 AM,C,0
5/15/24, 2:50:00 PM,C,0
5/15/24, 7:05:00 PM,C,0
5/15/24, 11:20:00 PM,C,0
5/16/24, 3:35:00 AM,C,0
5/16/24, 7:50:00 AM,C,0
5/16/24, 12:05:00 PM,C,0
5/16/24, 4:20:00 PM,C,0
5/16/24, 8:35:00 PM,C,0
5/17/24, 12:50:00 AM,C,0
5/17/24, 5:05:00 AM,C,0
5/17/24, 9:20:00 AM,C,0
5/17/24, 1:35:00 PM,C,0.5
5/17/24, 5:50:00 PM,C,0.5
5/17/24, 10:05:00 PM,C,0
5/18/24, 2:20:00 AM,C,0
5/18/24, 6:35:00 AM,C,0
5/18/24, 10:50:00 AM,C,6
5/18/24, 3:05:00 PM,C,6.5
5/18/24, 7:20:00 PM,C,2
5/18/24, 11:35:00 PM,C,0
5/19/24, 3:50:00 AM,C,0
5/19/24, 8:05:00 AM,C,0
5/19/24, 12:20:00 PM,C,6.5
5/19/24, 4:35:00 PM,C,9
5/19/24, 8:50:00 PM,C,2
5/20/24, 1:05:00 AM,C,0
5/20/24, 5:20:00 AM,C,0
5/20/24, 9:35:00 AM,C,6
5/20/24, 1:50:00 PM,C,11
5/20/24, 6:05:00 PM,C,6
5/20/24, 10:20:00 PM,C,3
5/21/24, 2:35:00 AM,C,0.5
5/21/24, 6:50:00 AM,C,0
5/21/24, 11:05:00 AM,C,1.5
5/21/24, 3:20:00 PM,C,6
5/21/24, 7:35:00 PM,C,1.5
5/21/24, 11:50:00 PM,C,0
5/22/24, 4:05:00 AM,C,0
5/22/24, 8:20:00 AM,C,0
5/22/24, 12:35:00 PM,C,9.5
5/22/24, 4:50:00 PM,C,7.5
5/22/24, 9:05:00 PM,C,2.5
5/23/24, 1:20:00 AM,C,0.5
5/23/24, 5:35:00 AM,C,0
5/23/24, 9:50:00 AM,C,3
5/23/24, 2:05:00 PM,C,14
5/23/24, 6:20:00 PM,C,7
5/23/24, 10:35:00 PM,C,2.5
5/24/24, 2:50:00 AM,C,0.5
5/24/24, 7:05:00 AM,C,-0.5
5/24/24, 11:20:00 AM,C,3
5/24/24, 3:35:00 PM,C,8
5/24/24, 7:50:00 PM,C,2.5
5/25/24, 12:05:00 AM,C,0.5
5/25/24, 4:20:00 AM,C,0
5/25/24, 8:35:00 AM,C,0
5/25/24, 12:50:00 PM,C,9.5
5/25/24, 5:05:00 PM,C,7.5
5/25/24, 9:20:00 PM,C,3.5
5/26/24, 1:35:00 AM,C,2
5/26/24, 5:50:00 AM,C,1
5/26/24, 10:05:00 AM,C,1.5
5/26/24, 2:20:00 PM,C,7
5/26/24, 6:35:00 PM,C,5
5/26/24, 10:50:00 PM,C,2
5/27/24, 3:05:00 AM,C,1
5/27/24, 7:20:00 AM,C,0.5
5/27/24, 11:35:00 AM,C,10.5
5/27/24, 3:50:00 PM,C,15.5
5/27/24, 8:05:00 PM,C,8
5/28/24, 12:20:00 AM,C,4
5/28/24, 4:35:00 AM,C,2
5/28/24, 8:50:00 AM,C,6.5
5/28/24, 1:05:00 PM,C,17.5
5/28/24, 5:20:00 PM,C,12.5
5/28/24, 9:35:00 PM,C,7
5/29/24, 1:50:00 AM,C,4.5
5/29/24, 6:05:00 AM,C,2.5
5/29/24, 10:20:00 AM,C,12.5
5/29/24, 2:35:00 PM,C,11.5
5/29/24, 6:50:00 PM,C,9.5
5/29/24, 11:05:00 PM,C,5.5
5/30/24, 3:20:00 AM,C,3
5/30/24, 7:35:00 AM,C,4.5
5/30/24, 11:50:00 AM,C,16
5/30/24, 4:05:00 PM,C,16
5/30/24, 8:20:00 PM,C,9
5/31/24, 12:35:00 AM,C,5.5
5/31/24, 4:50:00 AM,C,3
5/31/24, 9:05:00 AM,C,8
5/31/24, 1:20:00 PM,C,18
5/31/24, 5:35:00 PM,C,13
5/31/24, 9:50:00 PM,C,7
6/1/24, 2:05:00 AM,C,4
6/1/24, 6:20:00 AM,C,2.5
6/1/24, 10:35:00 AM,C,13.5
6/1/24, 2:50:00 PM,C,17.5
6/1/24, 7:05:00 PM,C,10.5
6/1/24, 11:20:00 PM,C,7
6/2/24, 3:35:00 AM,C,5
6/2/24, 7:50:00 AM,C,6
6/2/24, 12:05:00 PM,C,17
6/2/24, 4:20:00 PM,C,16
6/2/24, 8:35:00 PM,C,9.5
6/3/24, 12:50:00 AM,C,6.5
6/3/24, 5:05:00 AM,C,4
6/3/24, 9:20:00 AM,C,11
6/3/24, 1:35:00 PM,C,14
6/3/24, 5:50:00 PM,C,12.5
6/3/24, 10:05:00 PM,C,8.5
6/4/24, 2:20:00 AM,C,6.5
6/4/24, 6:35:00 AM,C,5
6/4/24, 10:50:00 AM,C,7.5
6/4/24, 3:05:00 PM,C,13
6/4/24, 7:20:00 PM,C,9.5
6/4/24, 11:35:00 PM,C,6
6/5/24, 3:50:00 AM,C,4.5
6/5/24, 8:05:00 AM,C,5.5
6/5/24, 12:20:00 PM,C,17.5
6/5/24, 4:35:00 PM,C,17.5
6/5/24, 8:50:00 PM,C,10.5
6/6/24, 1:05:00 AM,C,8
6/6/24, 5:20:00 AM,C,5.5
6/6/24, 9:35:00 AM,C,12.5
6/6/24, 1:50:00 PM,C,23.5
6/6/24, 6:05:00 PM,C,16.5
6/6/24, 10:20:00 PM,C,11
6/7/24, 2:35:00 AM,C,8.5
6/7/24, 6:50:00 AM,C,7
6/7/24, 11:05:00 AM,C,11.5
6/7/24, 3:20:00 PM,C,20
6/7/24, 7:35:00 PM,C,14
6/7/24, 11:50:00 PM,C,10
6/8/24, 4:05:00 AM,C,8.5
6/8/24, 8:20:00 AM,C,12
6/8/24, 12:35:00 PM,C,19.5
6/8/24, 4:50:00 PM,C,13
6/8/24, 9:05:00 PM,C,9.5
6/9/24, 1:20:00 AM,C,7
6/9/24, 5:35:00 AM,C,5
6/9/24, 9:50:00 AM,C,15
6/9/24, 2:05:00 PM,C,18
6/9/24, 6:20:00 PM,C,13
6/9/24, 10:35:00 PM,C,9.5
6/10/24, 2:50:00 AM,C,7
6/10/24, 7:05:00 AM,C,7
6/10/24, 11:20:00 AM,C,17
6/10/24, 3:35:00 PM,C,19
6/10/24, 7:50:00 PM,C,12.5
6/11/24, 12:05:00 AM,C,8.5
6/11/24, 4:20:00 AM,C,6.5
6/11/24, 8:35:00 AM,C,11
6/11/24, 12:50:00 PM,C,22.5
6/11/24, 5:05:00 PM,C,19.5
6/11/24, 9:20:00 PM,C,12.5
6/12/24, 1:35:00 AM,C,9.5
6/12/24, 5:50:00 AM,C,7.5
6/12/24, 10:05:00 AM,C,16.5
6/12/24, 2:20:00 PM,C,21
6/12/24, 6:35:00 PM,C,17
6/12/24, 10:50:00 PM,C,12
6/13/24, 3:05:00 AM,C,9
6/13/24, 7:20:00 AM,C,9.5
6/13/24, 11:35:00 AM,C,24
6/13/24, 3:50:00 PM,C,26
6/13/24, 8:05:00 PM,C,17
6/14/24, 12:20:00 AM,C,13
6/14/24, 4:35:00 AM,C,11
6/14/24, 8:50:00 AM,C,14.5
6/14/24, 1:05:00 PM,C,18.5
6/14/24, 5:20:00 PM,C,15.5
6/14/24, 9:35:00 PM,C,11.5
6/15/24, 1:50:00 AM,C,9.5
6/15/24, 6:05:00 AM,C,8
6/15/24, 10:20:00 AM,C,18.5
6/15/24, 2:35:00 PM,C,26
6/15/24, 6:50:00 PM,C,16
6/15/24, 11:05:00 PM,C,11
6/16/24, 3:20:00 AM,C,9
6/16/24, 7:35:00 AM,C,10
6/16/24, 11:50:00 AM,C,26.5
6/16/24, 4:05:00 PM,C,22.5
6/16/24, 8:20:00 PM,C,15
6/17/24, 12:35:00 AM,C,10.5
6/17/24, 4:50:00 AM,C,9
6/17/24, 9:05:00 AM,C,17
6/17/24, 1:20:00 PM,C,30.5
6/17/24, 5:35:00 PM,C,21.5
6/17/24, 9:50:00 PM,C,14
6/18/24, 2:05:00 AM,C,10.5
6/18/24, 6:20:00 AM,C,8.5
6/18/24, 10:35:00 AM,C,19
6/18/24, 2:50:00 PM,C,21
6/18/24, 7:05:00 PM,C,13.5
6/18/24, 11:20:00 PM,C,9.5
6/19/24, 3:35:00 AM,C,6.5
6/19/24, 7:50:00 AM,C,7.5
6/19/24, 12:05:00 PM,C,19.5
6/19/24, 4:20:00 PM,C,13.5
6/19/24, 8:35:00 PM,C,10.5
6/20/24, 12:50:00 AM,C,8.5
6/20/24, 5:05:00 AM,C,6.5
6/20/24, 9:20:00 AM,C,16
6/20/24, 1:35:00 PM,C,26.5
6/20/24, 5:50:00 PM,C,18
6/20/24, 10:05:00 PM,C,12
6/21/24, 2:20:00 AM,C,10
6/21/24, 6:35:00 AM,C,8.5
6/21/24, 10:50:00 AM,C,19.5
6/21/24, 3:05:00 PM,C,24.5
6/21/24, 7:20:00 PM,C,16.5
6/21/24, 11:35:00 PM,C,11.5
6/22/24, 3:50:00 AM,C,8
6/22/24, 8:05:00 AM,C,10.5
6/22/24, 12:20:00 PM,C,28
6/22/24, 4:35:00 PM,C,24
6/22/24, 8:50:00 PM,C,14.5
6/23/24, 1:05:00 AM,C,10.5
6/23/24, 5:20:00 AM,C,9
6/23/24, 9:35:00 AM,C,19
6/23/24, 1:50:00 PM,C,32
6/23/24, 6:05:00 PM,C,22
6/23/24, 10:20:00 PM,C,13.5
6/24/24, 2:35:00 AM,C,11.5
6/24/24, 6:50:00 AM,C,11
6/24/24, 11:05:00 AM,C,25
6/24/24, 3:20:00 PM,C,28.5
6/24/24, 7:35:00 PM,C,18.5
6/24/24, 11:50:00 PM,C,14
6/25/24, 4:05:00 AM,C,11.5
6/25/24, 8:20:00 AM,C,15
6/25/24, 12:35:00 PM,C,32
6/25/24, 4:50:00 PM,C,23
6/25/24, 9:05:00 PM,C,17.5
6/26/24, 1:20:00 AM,C,13
6/26/24, 5:35:00 AM,C,10.5
6/26/24, 9:50:00 AM,C,22.5
6/26/24, 2:05:00 PM,C,28
6/26/24, 6:20:00 PM,C,17.5
6/26/24, 10:35:00 PM,C,13
6/27/24, 2:50:00 AM,C,11.5
6/27/24, 7:05:00 AM,C,11
6/27/24, 11:20:00 AM,C,13.5
6/27/24, 3:35:00 PM,C,19.5
6/27/24, 7:50:00 PM,C,13.5
6/28/24, 12:05:00 AM,C,10.5
6/28/24, 4:20:00 AM,C,9
6/28/24, 8:35:00 AM,C,8.5
6/28/24, 12:50:00 PM,C,26
6/28/24, 5:05:00 PM,C,18.5
6/28/24, 9:20:00 PM,C,11
6/29/24, 1:35:00 AM,C,8.5
6/29/24, 5:50:00 AM,C,5.5
6/29/24, 10:05:00 AM,C,14.5
6/29/24, 2:20:00 PM,C,23
6/29/24, 6:35:00 PM,C,16
6/29/24, 10:50:00 PM,C,11.5
6/30/24, 3:05:00 AM,C,10
6/30/24, 7:20:00 AM,C,9.5
6/30/24, 11:35:00 AM,C,23
6/30/24, 3:50:00 PM,C,19.5
6/30/24, 8:05:00 PM,C,13.5
7/1/24, 12:20:00 AM,C,11
7/1/24, 4:35:00 AM,C,10.5
7/1/24, 8:50:00 AM,C,11.5
7/1/24, 1:05:00 PM,C,13
7/1/24, 5:20:00 PM,C,16.5
7/1/24, 9:35:00 PM,C,11.5
7/2/24, 1:50:00 AM,C,9
7/2/24, 6:05:00 AM,C,8
7/2/24, 10:20:00 AM,C,13.5
7/2/24, 2:35:00 PM,C,22
7/2/24, 6:50:00 PM,C,15
7/2/24, 11:05:00 PM,C,10.5
7/3/24, 3:20:00 AM,C,8
7/3/24, 7:35:00 AM,C,8
7/3/24, 11:50:00 AM,C,20.5
7/3/24, 4:05:00 PM,C,23
7/3/24, 8:20:00 PM,C,14
7/4/24, 12:35:00 AM,C,10
7/4/24, 4:50:00 AM,C,8
7/4/24, 9:05:00 AM,C,13.5
7/4/24, 1:20:00 PM,C,26
7/4/24, 5:35:00 PM,C,19
7/4/24, 9:50:00 PM,C,12
7/5/24, 2:05:00 AM,C,8.5
7/5/24, 6:20:00 AM,C,6.5
7/5/24, 10:35:00 AM,C,19.5
7/5/24, 2:50:00 PM,C,28.5
7/5/24, 7:05:00 PM,C,17.5
7/5/24, 11:20:00 PM,C,11
7/6/24, 3:35:00 AM,C,8.5
7/6/24, 7:50:00 AM,C,10
7/6/24, 12:05:00 PM,C,27.5
7/6/24, 4:20:00 PM,C,26
7/6/24, 8:35:00 PM,C,15
7/7/24, 12:50:00 AM,C,12
7/7/24, 5:05:00 AM,C,9
7/7/24, 9:20:00 AM,C,16.5
7/7/24, 1:35:00 PM,C,25
7/7/24, 5:50:00 PM,C,17
7/7/24, 10:05:00 PM,C,12
7/8/24, 2:20:00 AM,C,9
7/8/24, 6:35:00 AM,C,6.5
7/8/24, 10:50:00 AM,C,19
7/8/24, 3:05:00 PM,C,25.5
7/8/24, 7:20:00 PM,C,15
7/8/24, 11:35:00 PM,C,10
7/9/24, 3:50:00 AM,C,8
7/9/24, 8:05:00 AM,C,11
7/9/24, 12:20:00 PM,C,18
7/9/24, 4:35:00 PM,C,20
7/9/24, 8:50:00 PM,C,13
7/10/24, 1:05:00 AM,C,8.5
7/10/24, 5:20:00 AM,C,7
7/10/24, 9:35:00 AM,C,18
7/10/24, 1:50:00 PM,C,27
7/10/24, 6:05:00 PM,C,15
7/10/24, 10:20:00 PM,C,10
7/11/24, 2:35:00 AM,C,7.5
7/11/24, 6:50:00 AM,C,7
7/11/24, 11:05:00 AM,C,16.5
7/11/24, 3:20:00 PM,C,17
7/11/24, 7:35:00 PM,C,13
7/11/24, 11:50:00 PM,C,10
7/12/24, 4:05:00 AM,C,8.5
7/12/24, 8:20:00 AM,C,12
7/12/24, 12:35:00 PM,C,25.5
7/12/24, 4:50:00 PM,C,26
7/12/24, 9:05:00 PM,C,16
7/13/24, 1:20:00 AM,C,12
7/13/24, 5:35:00 AM,C,10.5
7/13/24, 9:50:00 AM,C,21.5
7/13/24, 2:05:00 PM,C,33.5
7/13/24, 6:20:00 PM,C,22.5
7/13/24, 10:35:00 PM,C,16
7/14/24, 2:50:00 AM,C,12.5
7/14/24, 7:05:00 AM,C,11.5
7/14/24, 11:20:00 AM,C,24
7/14/24, 3:35:00 PM,C,27.5
7/14/24, 7:50:00 PM,C,16
7/15/24, 12:05:00 AM,C,12.5
7/15/24, 4:20:00 AM,C,10.5
7/15/24, 8:35:00 AM,C,13.5
7/15/24, 12:50:00 PM,C,19.5
7/15/24, 5:05:00 PM,C,18.5
7/15/24, 9:20:00 PM,C,14
7/16/24, 1:35:00 AM,C,10.5
7/16/24, 5:50:00 AM,C,10
7/16/24, 10:05:00 AM,C,13
7/16/24, 2:20:00 PM,C,17.5
7/16/24, 6:35:00 PM,C,15.5
7/16/24, 10:50:00 PM,C,11.5
7/17/24, 3:05:00 AM,C,8.5
7/17/24, 7:20:00 AM,C,8.5
7/17/24, 11:35:00 AM,C,20
7/17/24, 3:50:00 PM,C,19.5
7/17/24, 8:05:00 PM,C,14
7/18/24, 12:20:00 AM,C,10
7/18/24, 4:35:00 AM,C,8
7/18/24, 8:50:00 AM,C,13
7/18/24, 1:05:00 PM,C,20
7/18/24, 5:20:00 PM,C,17
7/18/24, 9:35:00 PM,C,12
7/19/24, 1:50:00 AM,C,10
7/19/24, 6:05:00 AM,C,9
7/19/24, 10:20:00 AM,C,12
7/19/24, 2:35:00 PM,C,19
7/19/24, 6:50:00 PM,C,14.5
7/19/24, 11:05:00 PM,C,10.5
7/20/24, 3:20:00 AM,C,7.5
7/20/24, 7:35:00 AM,C,8
7/20/24, 11:50:00 AM,C,17
7/20/24, 4:05:00 PM,C,20
7/20/24, 8:20:00 PM,C,14.5
7/21/24, 12:35:00 AM,C,11
7/21/24, 4:50:00 AM,C,9
7/21/24, 9:05:00 AM,C,13
7/21/24, 1:20:00 PM,C,9.5
7/21/24, 5:35:00 PM,C,14.5
7/21/24, 9:50:00 PM,C,10.5
7/22/24, 2:05:00 AM,C,7.5
7/22/24, 6:20:00 AM,C,5.5
7/22/24, 10:35:00 AM,C,16.5
7/22/24, 2:50:00 PM,C,19
7/22/24, 7:05:00 PM,C,13.5
7/22/24, 11:20:00 PM,C,9.5
7/23/24, 3:35:00 AM,C,7
7/23/24, 7:50:00 AM,C,8
7/23/24, 12:05:00 PM,C,23
7/23/24, 4:20:00 PM,C,18.5
7/23/24, 8:35:00 PM,C,12.5
7/24/24, 12:50:00 AM,C,9.5
7/24/24, 5:05:00 AM,C,7.5
7/24/24, 9:20:00 AM,C,14
7/24/24, 1:35:00 PM,C,20.5
7/24/24, 5:50:00 PM,C,16.5
7/24/24, 10:05:00 PM,C,11.5
7/25/24, 2:20:00 AM,C,9.5
7/25/24, 6:35:00 AM,C,8.5
7/25/24, 10:50:00 AM,C,23
7/25/24, 3:05:00 PM,C,24
7/25/24, 7:20:00 PM,C,17.5
7/25/24, 11:35:00 PM,C,13
7/26/24, 3:50:00 AM,C,12
7/26/24, 8:05:00 AM,C,12.5
7/26/24, 12:20:00 PM,C,24
7/26/24, 4:35:00 PM,C,18.5
7/26/24, 8:50:00 PM,C,15
7/27/24, 1:05:00 AM,C,11.5
7/27/24, 5:20:00 AM,C,10.5
7/27/24, 9:35:00 AM,C,19
7/27/24, 1:50:00 PM,C,29
7/27/24, 6:05:00 PM,C,22
7/27/24, 10:20:00 PM,C,15
7/28/24, 2:35:00 AM,C,12
7/28/24, 6:50:00 AM,C,9.5
7/28/24, 11:05:00 AM,C,23
7/28/24, 3:20:00 PM,C,28
7/28/24, 7:35:00 PM,C,16.5
7/28/24, 11:50:00 PM,C,12.5
7/29/24, 4:05:00 AM,C,10
7/29/24, 8:20:00 AM,C,13
7/29/24, 12:35:00 PM,C,29.5
7/29/24, 4:50:00 PM,C,24.5
7/29/24, 9:05:00 PM,C,16
7/30/24, 1:20:00 AM,C,12
7/30/24, 5:35:00 AM,C,9.5
7/30/24, 9:50:00 AM,C,21.5
7/30/24, 2:05:00 PM,C,33
7/30/24, 6:20:00 PM,C,22
7/30/24, 10:35:00 PM,C,15.5
7/31/24, 2:50:00 AM,C,12
7/31/24, 7:05:00 AM,C,9.5
7/31/24, 11:20:00 AM,C,28.5
7/31/24, 3:35:00 PM,C,31.5
7/31/24, 7:50:00 PM,C,19
8/1/24, 12:05:00 AM,C,13.5
8/1/24, 4:20:00 AM,C,11
8/1/24, 8:35:00 AM,C,15.5
8/1/24, 12:50:00 PM,C,34
8/1/24, 5:05:00 PM,C,25.5
8/1/24, 9:20:00 PM,C,16.5
8/2/24, 1:35:00 AM,C,13
8/2/24, 5:50:00 AM,C,11.5
8/2/24, 10:05:00 AM,C,24
8/2/24, 2:20:00 PM,C,33
8/2/24, 6:35:00 PM,C,23
8/2/24, 10:50:00 PM,C,16
8/3/24, 3:05:00 AM,C,12
8/3/24, 7:20:00 AM,C,11
8/3/24, 11:35:00 AM,C,30
8/3/24, 3:50:00 PM,C,30.5
8/3/24, 8:05:00 PM,C,19
8/4/24, 12:20:00 AM,C,14.5
8/4/24, 4:35:00 AM,C,13
8/4/24, 8:50:00 AM,C,17
8/4/24, 1:05:00 PM,C,32.5
8/4/24, 5:20:00 PM,C,20.5
8/4/24, 9:35:00 PM,C,15.5
8/5/24, 1:50:00 AM,C,12.5
8/5/24, 6:05:00 AM,C,10.5
8/5/24, 10:20:00 AM,C,19
8/5/24, 2:35:00 PM,C,22.5
8/5/24, 6:50:00 PM,C,16.5
8/5/24, 11:05:00 PM,C,12
8/6/24, 3:20:00 AM,C,10
8/6/24, 7:35:00 AM,C,10
8/6/24, 11:50:00 AM,C,19.5
8/6/24, 4:05:00 PM,C,22
8/6/24, 8:20:00 PM,C,15.5
8/7/24, 12:35:00 AM,C,12.5
8/7/24, 4:50:00 AM,C,11
8/7/24, 9:05:00 AM,C,12.5
8/7/24, 1:20:00 PM,C,25
8/7/24, 5:35:00 PM,C,18
8/7/24, 9:50:00 PM,C,14
8/8/24, 2:05:00 AM,C,10.5
8/8/24, 6:20:00 AM,C,10.5
8/8/24, 10:35:00 AM,C,13
8/8/24, 2:50:00 PM,C,18
8/8/24, 7:05:00 PM,C,14
8/8/24, 11:20:00 PM,C,10.5
8/9/24, 3:35:00 AM,C,9
8/9/24, 7:50:00 AM,C,9
8/9/24, 12:05:00 PM,C,12
8/9/24, 4:20:00 PM,C,13.5
8/9/24, 8:35:00 PM,C,11.5
8/10/24, 12:50:00 AM,C,9.5
8/10/24, 5:05:00 AM,C,8.5
8/10/24, 9:20:00 AM,C,13
8/10/24, 1:35:00 PM,C,23.5
8/10/24, 5:50:00 PM,C,16.5
8/10/24, 10:05:00 PM,C,12
8/11/24, 2:20:00 AM,C,10
8/11/24, 6:35:00 AM,C,8.5
8/11/24, 10:50:00 AM,C,10
8/11/24, 3:05:00 PM,C,17.5
8/11/24, 7:20:00 PM,C,14
8/11/24, 11:35:00 PM,C,9.5
8/12/24, 3:50:00 AM,C,8.5
8/12/24, 8:05:00 AM,C,9.5
8/12/24, 12:20:00 PM,C,24
8/12/24, 4:35:00 PM,C,20
8/12/24, 8:50:00 PM,C,13
8/13/24, 1:05:00 AM,C,11
8/13/24, 5:20:00 AM,C,9.5
8/13/24, 9:35:00 AM,C,12
8/13/24, 1:50:00 PM,C,20
8/13/24, 6:05:00 PM,C,14
8/13/24, 10:20:00 PM,C,10.5
8/14/24, 2:35:00 AM,C,9
8/14/24, 6:50:00 AM,C,8.5
8/14/24, 11:05:00 AM,C,18
8/14/24, 3:20:00 PM,C,17.5
8/14/24, 7:35:00 PM,C,13.5
8/14/24, 11:50:00 PM,C,8.5
8/15/24, 4:05:00 AM,C,6.5
8/15/24, 8:20:00 AM,C,8.5
8/15/24, 12:35:00 PM,C,19
8/15/24, 4:50:00 PM,C,19
8/15/24, 9:05:00 PM,C,13
8/16/24, 1:20:00 AM,C,10.5
8/16/24, 5:35:00 AM,C,7.5
8/16/24, 9:50:00 AM,C,15.5
8/16/24, 2:05:00 PM,C,25.5
8/16/24, 6:20:00 PM,C,17
8/16/24, 10:35:00 PM,C,12
8/17/24, 2:50:00 AM,C,10
8/17/24, 7:05:00 AM,C,9.5
8/17/24, 11:20:00 AM,C,22
8/17/24, 3:35:00 PM,C,26.5
8/17/24, 7:50:00 PM,C,16.5
8/18/24, 12:05:00 AM,C,12.5
8/18/24, 4:20:00 AM,C,10
8/18/24, 8:35:00 AM,C,12